user_name,nickname,signature,verified,follower_count,following_count,likes_count,video_count,last_active,only_mentions,only_duos,collabs,collabs_url,hashtags,instrument,style
kissamile,kissamile,"‚òÄÔ∏è Neosoul - Chillhop duo
5K on insta üöÄ
On all streaming platformsüîä",False,1073,80,7415,182,2021-12-06,"['dellguistovitch', 'conor_albert', 'usercedbebert']","['thomasalanng', 'rob1toad']","['thomasalanng', 'rob1toad', 'dellguistovitch', 'conor_albert', 'usercedbebert']","{'thomasalanng': 'https://v16-webapp.tiktok.com/dc5d6e8966c1c4d9bdb3a0f748291a1e/61cb45c2/video/tos/useast2a/tos-useast2a-ve-0068c002/a0672bcf61a145ceac2894b1fcee0f03/?a=1988&br=930&bt=465&cd=0%7C0%7C0&ch=0&cr=0&cs=0&dr=0&ds=3&er=&ft=Yu12_F8rkag3-I&l=20211228111307010191041036248ADB66&lr=tiktok_m&mime_type=video_mp4&net=0&pl=0&qs=0&rc=M2h2ZWg6Zm46ODMzNzczM0ApNjMzOGkzZ2RnN2YzZTlkN2drNHBqcjRvYWhgLS1kMTZzczUvYDRjMDNeNjVeYC82XzI6Yw%3D%3D&vl=&vr=', 'rob1toad': 'https://v16-webapp.tiktok.com/dc5d6e8966c1c4d9bdb3a0f748291a1e/61cb45c2/video/tos/useast2a/tos-useast2a-ve-0068c002/a0672bcf61a145ceac2894b1fcee0f03/?a=1988&br=930&bt=465&cd=0%7C0%7C0&ch=0&cr=0&cs=0&dr=0&ds=3&er=&ft=Yu12_F8rkag3-I&l=20211228111307010191041036248ADB66&lr=tiktok_m&mime_type=video_mp4&net=0&pl=0&qs=0&rc=M2h2ZWg6Zm46ODMzNzczM0ApNjMzOGkzZ2RnN2YzZTlkN2drNHBqcjRvYWhgLS1kMTZzczUvYDRjMDNeNjVeYC82XzI6Yw%3D%3D&vl=&vr=', 'dellguistovitch': 'https://v16-webapp.tiktok.com/d7b3a0d4012432a93ad7cd4ba2139420/61cb45d3/video/tos/useast2a/tos-useast2a-ve-0068c001/9bd3c301c8f5441e820bbaa24841a1a5/?a=1988&br=2766&bt=1383&cd=0%7C0%7C0&ch=0&cr=0&cs=0&dr=0&ds=3&er=&ft=Yu12_F8rkag3-I&l=20211228111307010191041036248ADB66&lr=tiktok_m&mime_type=video_mp4&net=0&pl=0&qs=0&rc=ajtxPDU6ZnZrODMzNzczM0ApMzhlaGVnOzxlNzRnaDxnZmdvNHJscjQwbmNgLS1kMTZzczQvX2AtM2MtXzVgLi8uNV46Yw%3D%3D&vl=&vr=', 'conor_albert': 'https://v16-webapp.tiktok.com/0a1a652e112b1de9f18d991de8eebd02/61cb45b9/video/tos/useast2a/tos-useast2a-ve-0068c002/1b04c3c29ee14563bd0e39396983b892/?a=1988&br=3018&bt=1509&cd=0%7C0%7C0&ch=0&cr=0&cs=0&dr=0&ds=3&er=&ft=Yu12_F8rkag3-I&l=20211228111307010191041036248ADB66&lr=tiktok_m&mime_type=video_mp4&net=0&pl=0&qs=0&rc=M2lwPDc6ZnBpODMzNzczM0ApN2QzNmU4ZWU5NzNpOjpkZ2dfYGc2cjRvYV9gLS1kMTZzczMzYS5eLi80NDQuMGBjMDU6Yw%3D%3D&vl=&vr=', 'usercedbebert': 'https://v16-webapp.tiktok.com/471f1e200505176720723ee35b7b86a6/61cb4615/video/tos/useast2a/tos-useast2a-ve-0068c003/af59e92c96664e6a8893ee80cccc6100/?a=1988&br=1736&bt=868&cd=0%7C0%7C0&ch=0&cr=0&cs=0&dr=0&ds=3&er=&ft=Yu12_F8rkag3-I&l=20211228111307010191041036248ADB66&lr=tiktok_m&mime_type=video_mp4&net=0&pl=0&qs=0&rc=MzZ4ZDo6Zmt5ODMzNzczM0ApOjdnZWVkaGQ4NzY2ODQ2OmcvNWtmcjQwXl5gLS1kMTZzczMyNDMxNjZiXzFfYmJiLmM6Yw%3D%3D&vl=&vr='}","['chillhop', 'chillbeats', 'neosoul', 'lofibeat', 'jazzhop', 'jamming', 'jammin', 'drums', 'piano', 'chords', 'iledelareunion', 'reunionisland', 'maloya', '974', 'vocals', 'hiphopbeat', 'makingbeats', 'groove', 'keys', 'tiktokmusique', 'synthbass', 'musicproducer', 'bass', 'ilovepiano', 'musique', 'pianist', 'synth', 'neosoulguitar', 'acousticguitar', 'instru', 'pt', 'beatloop', 'loop', 'producer', 'howtomakebeats', 'sample', 'looper', 'abletonlive', 'producteurmusique', 'serum', 'yousingmelody', 'singwithus', 'fyp', 'harmonies', 'justinbieber', 'singers', 'chanteavecmoi', 'duo', 'saxophone', 'chill', 'thomasng', 'harmony', 'flaws', 'duet', 'chillbeat', 'groovin', 'musicien', 'batteuse', 'guitar', 'bassdrum', 'newgear', 'tama', 'pearldrums', 'musicians', 'sing', 'chanter', 'apprendreachanter', 'howtosing', 'confianceensoi', 'rnbvocals', 'jazzpiano', 'singing', 'conoralbert', 'conoralbertchallenge', 'sax', 'fy', 'riffandruns', 'howtosingruns', 'beginnersinger', 'vocalrun', 'entrepreneuse', 'musicienne', 'culpabilit√©', 'mindset', 'maviedemusicienne', 'musician', 'pianoblues', 'apprendrelepiano', 'blues', 'pianodebutant']","['guitar', 'bass', 'piano', 'drums', 'synth', 'chords', 'saxophone']","['groove', 'neosoul', 'blues']"
conor_albert,Conor Albert,m n James Smith got a new tune out ! Checkkittt ‚¨áÔ∏è,True,61500,135,602600,121,2021-11-22,"['themaxpope', 'jamessmithvocal', 'mayadelilahh', 'jeremyzucker']",[],"['themaxpope', 'jamessmithvocal', 'mayadelilahh', 'jeremyzucker']","{'themaxpope': 'https://v16-webapp.tiktok.com/a558e34ea6082a6060e29e1a5db3b9ea/61cb45d6/video/tos/useast2a/tos-useast2a-ve-0068c002/dad71543457c41629449d18be484fd83/?a=1988&br=1814&bt=907&cd=0%7C0%7C1&ch=0&cr=0&cs=0&cv=1&dr=0&ds=3&er=&ft=Yu12_F8rkag3-I&l=20211228111333010189048220088F85EA&lr=tiktok_m&mime_type=video_mp4&net=0&pl=0&qs=0&rc=ajhqZDw6Zmx3OTMzNzczM0ApZmZkMzdmMzs7NzdmaDw4OWcxY2JucjQwY2FgLS1kMTZzc18uY2BjYDZfMy8wYTIuYWI6Yw%3D%3D&vl=&vr=', 'jamessmithvocal': 'https://v16-webapp.tiktok.com/2ca476a11bc02a670b2b99d36d67023d/61cb45d5/video/tos/useast2a/tos-useast2a-pve-0068/9bc32272d9204a03a0dd46f19dc004a2/?a=1988&br=1618&bt=809&cd=0%7C0%7C1&ch=0&cr=0&cs=0&cv=1&dr=0&ds=3&er=&ft=Yu12_F8rkag3-I&l=20211228111333010189048220088F85EA&lr=tiktok_m&mime_type=video_mp4&net=0&pl=0&qs=0&rc=MzN0dDc6ZnRuOTMzNzczM0ApNmY5NDNpM2Q0NzhoZjdkaWdrYl5jcjRvNjNgLS1kMTZzc2A1L2JhXzY2MDEyXl9jLjE6Yw%3D%3D&vl=&vr=', 'mayadelilahh': 'https://v16-webapp.tiktok.com/de8bddee510caf29eb3fef81986bb524/61cb45cf/video/tos/useast2a/tos-useast2a-ve-0068c003/e3b9a59b386d44f69395035f1d1e8bad/?a=1988&br=3258&bt=1629&cd=0%7C0%7C1&ch=0&cr=0&cs=0&cv=1&dr=0&ds=3&er=&ft=Yu12_F8rkag3-I&l=20211228111333010189048220088F85EA&lr=tiktok_m&mime_type=video_mp4&net=0&pl=0&qs=0&rc=MzVtdmc6Zm5pODMzNzczM0ApNzpnZmQ3aTw5NzQ7NTxmOWdgMWlfcjRfZGNgLS1kMTZzczExYi0yLmAtX2E2YzUtYy46Yw%3D%3D&vl=&vr=', 'jeremyzucker': 'https://v16-webapp.tiktok.com/486a0d267924472a890537a5241c17a9/61cb45ce/video/tos/useast2a/tos-useast2a-ve-0068c001/71d7cdfd0578474ea6e2e3c48d3b2bec/?a=1988&br=1296&bt=648&cd=0%7C0%7C1&ch=0&cr=0&cs=0&cv=1&dr=0&ds=3&er=&ft=Yu12_F8rkag3-I&l=20211228111333010189048220088F85EA&lr=tiktok_m&mime_type=video_mp4&net=0&pl=0&qs=0&rc=am87Ozk6ZnRmODMzNzczM0ApZGhpaDY6NWU8N2RmZTs0ZWdlXmc0cjRfXi9gLS1kMTZzczNfYTU1NjRfMC0uYjEzNi06Yw%3D%3D&vl=&vr='}","['cover', 'jam', 'vibes', 'jamessmith', 'loop', 'beat', 'guitar', 'drill', 'ukdrill', 'fun', 'fire', 'looping', 'drums', 'bass', 'neosoul', 'jams', 'beats', 'producer', 'beatmaker', 'yup', 'loops', 'piano', 'jazzy', 'chill', 'jeremyzucker', 'song', 'the1975', 'music', 'fyp', 'guitarsolo', 'solo', 'dnb', 'jazz', 'meme', 'bakamitai', 'singer', 'cute', 'acoustic', 'ableton', 'groovy', 'fyp„Ç∑', 'livestream', 'lofibeat']","['guitar', 'bass', 'piano', 'drums']","['jazz', 'neosoul']"
themaxpope,Max Pope,Singing songs üåùüåö,False,71,6,261,40,2021-12-26,[],[],[],{},"['familythings', 'nana', 'christmas', 'christmascover', 'happy', 'festive', 'acousticcovers', 'dreams', 'cover', 'acoustic', 'fyp', 'cowboy', 'guitar', 'neilyoung', 'acousticcover', 'coldplay', 'purple', '70s', 'ace', 'title', 'newmusic', 'loop', 'chill', 'rework']",['guitar'],[]
jamessmithvocal,jamessmithvocal,singer/songwriter from London üñ§,True,19700,57,148400,88,2021-12-10,"['livbedumb', 'casiomusicuk', 'conor_albert', 'realmattlucas', 'loveisland', 'lilyagnesmusic']","['leonbridgesofficial', 'johnmayer']","['livbedumb', 'casiomusicuk', 'conor_albert', 'realmattlucas', 'loveisland', 'lilyagnesmusic', 'leonbridgesofficial', 'johnmayer']","{'livbedumb': 'https://v16-webapp.tiktok.com/8b23ab66f581f6d844eddfea80e05688/61cb45e9/video/tos/useast2a/tos-useast2a-pve-0068/0895a9a8a71146dd986a93642f654d5d/?a=1988&br=1776&bt=888&cd=0%7C0%7C1&ch=0&cr=0&cs=0&cv=1&dr=0&ds=3&er=&ft=Yu12_F8rkag3-I&l=20211228111352010223084141048E3C49&lr=tiktok_m&mime_type=video_mp4&net=0&pl=0&qs=0&rc=ajlsPDQ6ZmxxOTMzNzczM0ApOjhmZzY3Z2VpNzppNzc8aGdyNDE2cjRvLW1gLS1kMTZzc19jYGEwMmBgYjM0YV8uMC86Yw%3D%3D&vl=&vr=', 'casiomusicuk': 'https://v16-webapp.tiktok.com/4bae97f4e923f24e1edacdc3b6e38e4a/61cb45ff/video/tos/useast2a/tos-useast2a-ve-0068c001/4b3c7403ef57474096942c92c1542d12/?a=1988&br=2200&bt=1100&cd=0%7C0%7C1&ch=0&cr=0&cs=0&cv=1&dr=0&ds=3&er=&ft=Yu12_F8rkag3-I&l=20211228111352010223084141048E3C49&lr=tiktok_m&mime_type=video_mp4&net=0&pl=0&qs=0&rc=M3BocTY6Zms3OTMzNzczM0ApNmY8NmllOmRpNzozNzVmaWdxNGw1cjQwZ2NgLS1kMTZzcy4vMjMuYC4uXzEwYjRfNmI6Yw%3D%3D&vl=&vr=', 'conor_albert': 'https://v16-webapp.tiktok.com/a96e9c5f6ada9567ccbf7aa0ab0f8a36/61cb45e8/video/tos/useast2a/tos-useast2a-ve-0068c002/7c8502ea578448a1a6a49f73a8be2980/?a=1988&br=1558&bt=779&cd=0%7C0%7C1&ch=0&cr=0&cs=0&cv=1&dr=0&ds=3&er=&ft=Yu12_F8rkag3-I&l=20211228111352010223084141048E3C49&lr=tiktok_m&mime_type=video_mp4&net=0&pl=0&qs=0&rc=ajdkZmY6Zmc5OTMzNzczM0ApOTc8NTk8OmQ5NzNpZ2Q4ZmdrazJrcjRvYzZgLS1kMTZzc2I1NWAxMy9iYC4yNjFhMjI6Yw%3D%3D&vl=&vr=', 'realmattlucas': 'https://v16-webapp.tiktok.com/fdbd8315c5d019d4e6508a8a164aae70/61cb45f0/video/tos/useast2a/tos-useast2a-ve-0068c003/dc88b3db661243359dabba55e9013be0/?a=1988&br=2330&bt=1165&cd=0%7C0%7C1&ch=0&cr=0&cs=0&cv=1&dr=0&ds=3&er=&ft=Yu12_F8rkag3-I&l=20211228111352010223084141048E3C49&lr=tiktok_m&mime_type=video_mp4&net=0&pl=0&qs=0&rc=ajtkaDo6Zmt1NzMzNzczM0ApZTM6Zzs0NmU4NzVkOjpmNWc0YjYtcjQwNjZgLS1kMTZzczJgL15iNmNhMWFhMDYxNC46Yw%3D%3D&vl=&vr=', 'loveisland': 'https://v16-webapp.tiktok.com/d675575e697248be519582a499c0cc53/61cb45ef/video/tos/useast2a/tos-useast2a-ve-0068c004/6ca62eb5b7e04a339a14c1586dacc616/?a=1988&br=4104&bt=2052&cd=0%7C0%7C1&ch=0&cr=0&cs=0&cv=1&dr=0&ds=3&er=&ft=Yu12_F8rkag3-I&l=20211228111352010223084141048E3C49&lr=tiktok_m&mime_type=video_mp4&net=0&pl=0&qs=0&rc=anVrZTU6ZjNqNzMzNzczM0ApODZpO2Y4aTs4N2Q0PDwzPGcvbWNlcjRnZDVgLS1kMTZzcy8yYTY0NDVgMF5iLzQwYmM6Yw%3D%3D&vl=&vr=', 'lilyagnesmusic': 'https://v16-webapp.tiktok.com/8b99b36dfd928c60abd1d315e01e929c/61cb460a/video/tos/alisg/tos-alisg-pve-0037c001/7bc93e9d15824accb63b2ab2c082296a/?a=1988&br=1804&bt=902&cd=0%7C0%7C1&ch=0&cr=0&cs=0&cv=1&dr=0&ds=3&er=&ft=Yu12_F8rkag3-I&l=20211228111352010223084141048E3C49&lr=tiktok_m&mime_type=video_mp4&net=0&pl=0&qs=0&rc=andtPDl3ZWxoNTMzODczM0ApNjkzOzk7NTtnNzQ6ZztkaGdnM2A0ZHMucDZgLS1kMTRzcy9fLWBeNmNgMDVeYmBiMC06Yw%3D%3D&vl=&vr=', 'leonbridgesofficial': 'https://v16-webapp.tiktok.com/40ef181557cca6b53f08fe744d8d5f77/61cb460a/video/tos/alisg/tos-alisg-pve-0037c001/a10a6c87f9254b9c8b8e6b6f3e921457/?a=1988&br=1528&bt=764&cd=0%7C0%7C1&ch=0&cr=0&cs=0&cv=1&dr=0&ds=3&er=&ft=Yu12_F8rkag3-I&l=20211228111352010223084141048E3C49&lr=tiktok_m&mime_type=video_mp4&net=0&pl=0&qs=0&rc=M3QzcjR5MzQ8NTMzODczM0ApNTM7NWhmaWU6N2k4aWY6aWdtNnFoMDVuYDBgLS1kMTRzc2BeYy0zMTMwXzIxLi5iYWM6Yw%3D%3D&vl=&vr=', 'johnmayer': 'https://v16-webapp.tiktok.com/c041bbae29e70d50a89c701ee7f9961b/61cb460b/video/tos/useast2a/tos-useast2a-ve-0068c001/6a321581a23e4f62aa74589feffa2785/?a=1988&br=1396&bt=698&cd=0%7C0%7C1&ch=0&cr=0&cs=0&cv=1&dr=0&ds=3&er=&ft=Yu12_F8rkag3-I&l=20211228111352010223084141048E3C49&lr=tiktok_m&mime_type=video_mp4&net=0&pl=0&qs=0&rc=am51dm87dWRvNDMzNzczM0ApOGhoZjVkOjtmN2dlOmU3Nmdnb2JwM2xeNW1gLS1kMTZzc2AtNF8wMS41NF5hNmM1LS86Yw%3D%3D&vl=&vr='}","['fyp', 'cover', 'newmusic', 'beatles', 'getback', 'createwithcasio', 'keyboard', 'casiotone', 'casio', 'duet', 'tellme', 'bathroomacoustics', 'demo', 'gotthelove', 'radio2', 'singersongwriter', 'gotthelovechallenge', 'friends', 'family', 'foryoupage', 'loveisland', 'myohmy', 'singersoftiktok', 'foryourpage', 'euro2020', 'itscominghome', 'districtline', 'someoneyouloved', 'newartist']",[],[]
lilyagnesmusic,Lily Agn√®s,"dancing queen, young n sweet only *21
instagram: lilyagnesmusic",False,1872,262,87500,48,2021-11-01,"['sammyraemusic', 'billieeilish', 'finneas', 'duhbeesknees', 'nabesmusic', 'lildeep1312']",['pat.smith85'],"['sammyraemusic', 'billieeilish', 'finneas', 'duhbeesknees', 'nabesmusic', 'lildeep1312', 'pat.smith85']","{'sammyraemusic': 'https://v16-webapp.tiktok.com/05949f82625d9cf8e974121bb3674dc2/61cb460c/video/tos/alisg/tos-alisg-pve-0037c001/8c46641abd704f4a9b7995d3bad0f7cc/?a=1988&br=4320&bt=2160&cd=0%7C0%7C1&ch=0&cr=0&cs=0&cv=1&dr=0&ds=3&er=&ft=Yu12_F8rkag3-I&l=202112281114370102230232080E8E3CD0&lr=tiktok_m&mime_type=video_mp4&net=0&pl=0&qs=0&rc=MzZ4c2g6Zjx0NjMzODczNEApZWczMzk3NTw8Nzs5NjY4Omc0NXMzcjRnYWRgLS1kMS1zc15jMzY1Y2MtNGFeL2IuY2I6Yw%3D%3D&vl=&vr=', 'billieeilish': 'https://v16-webapp.tiktok.com/38745132cc6913b29a7bd1a7e39ada8a/61cb461b/video/tos/alisg/tos-alisg-pve-0037c001/c3541c394758434d92cb59d1043036cc/?a=1988&br=3196&bt=1598&cd=0%7C0%7C1&ch=0&cr=0&cs=0&cv=1&dr=0&ds=3&er=&ft=Yu12_F8rkag3-I&l=202112281114370102230232080E8E3CD0&lr=tiktok_m&mime_type=video_mp4&net=0&pl=0&qs=0&rc=MzR2cWpoPHA2NjMzODczM0ApNjhnNDtlZmQ5NzY0NzZlPGcxZi42aW1lMC5gLS1kMTRzczZfX15eYzVgY2MwYTJiMTE6Yw%3D%3D&vl=&vr=', 'finneas': 'https://v16-webapp.tiktok.com/38745132cc6913b29a7bd1a7e39ada8a/61cb461b/video/tos/alisg/tos-alisg-pve-0037c001/c3541c394758434d92cb59d1043036cc/?a=1988&br=3196&bt=1598&cd=0%7C0%7C1&ch=0&cr=0&cs=0&cv=1&dr=0&ds=3&er=&ft=Yu12_F8rkag3-I&l=202112281114370102230232080E8E3CD0&lr=tiktok_m&mime_type=video_mp4&net=0&pl=0&qs=0&rc=MzR2cWpoPHA2NjMzODczM0ApNjhnNDtlZmQ5NzY0NzZlPGcxZi42aW1lMC5gLS1kMTRzczZfX15eYzVgY2MwYTJiMTE6Yw%3D%3D&vl=&vr=', 'duhbeesknees': 'https://v16-webapp.tiktok.com/2a8cb6128f2490037bdb5bd8b92a4ac7/61cb461b/video/tos/alisg/tos-alisg-pve-0037c001/9cbbac1def3d462087a20f9b25379a0a/?a=1988&br=4728&bt=2364&cd=0%7C0%7C0&ch=0&cr=0&cs=0&dr=0&ds=3&er=&ft=Yu12_F8rkag3-I&l=202112281114370102230232080E8E3CD0&lr=tiktok_m&mime_type=video_mp4&net=0&pl=0&qs=0&rc=M3VxZ3FoNWdvNTMzODczM0ApZzszN2QzOmVnN2Y8ZDg5aGcybmBiXnNhMW9gLS1kMTRzczE1NjBfMjUzMS5eNTJfYi46Yw%3D%3D&vl=&vr=', 'nabesmusic': 'https://v16-webapp.tiktok.com/98568c35df0a0258c3585a907f196b39/61cb4637/video/tos/alisg/tos-alisg-pve-0037c001/70fca8ab947843879e331d1f053de149/?a=1988&br=4214&bt=2107&cd=0%7C0%7C1&ch=0&cr=0&cs=0&cv=1&dr=0&ds=3&er=&ft=Yu12_F8rkag3-I&l=202112281114370102230232080E8E3CD0&lr=tiktok_m&mime_type=video_mp4&net=0&pl=0&qs=0&rc=anl1cXF4cjx3NTMzODczM0ApZWg5ZGc1OGQ4NzhpPGg6ZmdlZDFsLmtiNGVgLS1kMTRzczUxYWFiNTUuMV9jLS0zYzE6Yw%3D%3D&vl=&vr=', 'lildeep1312': 'https://v16-webapp.tiktok.com/161dd988f7aa54bf798bd9ce49872616/61cb462c/video/tos/alisg/tos-alisg-pve-0037c001/ba00061e7c6d46b3a2627856ffe4516e/?a=1988&br=2900&bt=1450&cd=0%7C0%7C1&ch=0&cr=0&cs=0&cv=1&dr=0&ds=3&er=&ft=Yu12_F8rkag3-I&l=202112281114370102230232080E8E3CD0&lr=tiktok_m&mime_type=video_mp4&net=0&pl=0&qs=0&rc=ajM4cnhyZXgzNTMzODczM0ApODdpZjloZDw0Nzs7OjZnNmdfMS1xMmUycGBgLS1kMTRzczNeMTBiXmItMzFgYzJeYDI6Yw%3D%3D&vl=&vr=', 'pat.smith85': 'https://v16-webapp.tiktok.com/fb17d658bf71681bc375b6439ce2c60b/61cb4638/video/tos/alisg/tos-alisg-pve-0037c001/fb7a9866bab2488d86e76aa418e47ec2/?a=1988&br=1518&bt=759&cd=0%7C0%7C0&ch=0&cr=0&cs=0&dr=0&ds=3&er=&ft=Yu12_F8rkag3-I&l=202112281114370102230232080E8E3CD0&lr=tiktok_m&mime_type=video_mp4&net=0&pl=0&qs=0&rc=M2p3ODM8NThuNTMzODczM0ApNTw2ZmY0NGRkNzo2ODw1NmdgcDZsXzU1YTFgLS1kMTRzczYtNjViNmBiNWFfL2BeMy06Yw%3D%3D&vl=&vr='}","['fyp„Ç∑', 'oneminuteifeelsh', 'nextminuteimthesh', 'dojacat', 'grym', 'haircut', 'transition', 'happyhalloween', 'carmeet', 'original', 'songwriting', 'jazz', 'riffing', 'acoustic', 'viraltiktok', 'music', 'single', 'getgrafting', 'pastachips', 'breathcontrolchallenge', 'breathcontrol', 'dancingqueenchallenge', 'itscominghome', 'singing', 'billieeilish', 'finneas', 'lostcause', 'cover', 'vocals', 'riff', 'foryoupage', 'tellmeyourescottish', 'viral', 'london', 'summer', 'montage', 'askengland', 'worldinmotion', 'startingxi', 'xzyabc', 'foryou', 'inlovewithanotherman', 'inlovewithanothermanchallenge', 'jazminesullivan', 'jazminesullivanchallenge', 'equalgame', 'playlikejack', 'christinaaguilera', 'infatuation', 'newriffchallenge', 'duetthis', 'stitchthis', 'challenge', 'saveourplanet', 'voiceeffects', 'castaways', 'fyp', 'guitar', 'musician', 'neverjustagame', 'trendtable', 'harmonies', 'betteroff', 'arianagrande', 'uclfinal', 'dance', 'sunshine', 'speedrun', 'westsidekiller', 'office', 'beyourownboss', 'imgettingriptonight', 'ripthat', 'friends', 'janice', 'impression', 'bfcnewgen', 'maxplumpjump', 'grease', 'pinklady', 'ootd', 'outfit', 'outfitinspiration', 'o2herecomesbrighter', 'sagetellme', 'keeptothebeat', 'londonlife', 'ukartist', 'maneater', 'hairfoodhype', 'tube', 'newmusic', 'songwriter', 'guitarist', 'garniermaskmoment', 'acdc', 'beegees', 'whatyouknow', 'twodoorcinemaclub', 'harmony', 'britsmover', 'berightbackworld', 'duet', 'adreamisawishyourheartmakes', 'newartist', 'singer']",['guitar'],['jazz']
nabesmusic,NabesMusic,"Remixing Tik Tok Singers 
#nabesremix
SPOTIFY üëáüèª",False,30500,879,304300,196,2021-12-07,[],['arijelkins'],['arijelkins'],{'arijelkins': 'https://v16-webapp.tiktok.com/80094b7cf1b44c3c03125d1161a2246a/61cb4643/video/tos/useast5/tos-useast5-ve-0068c002-tx/438b1cfbdca54ab6b110a3b5fb6e6c43/?a=1988&br=1444&bt=722&cd=0%7C0%7C1&ch=0&cr=0&cs=0&cv=1&dr=0&ds=3&er=&ft=Yu12_F8rkag3-I&l=202112281115330101890491620B8D8674&lr=tiktok_m&mime_type=video_mp4&net=0&pl=0&qs=0&rc=MzMzajg6Zjw5OTMzZzczNEApO2dpZ2ZnNGRmNzc5ZDU3NWdeaDExcjRfMmVgLS1kMS9zcy5fL2FiLTFeYjI0NGAtYGA6Yw%3D%3D&vl=&vr='},"['hey', 'whatsup', 'itsokay', 'nice', 'duet', 'fyp', 'kingsofleon', 'cover', 'rnb', 'originalsound', 'makeitcinematic', 'artistsoftiktok', 'goodmood', 'originalsong', 'funk', 'workthisway', 'lofibeats', 'beats', 'remix', 'maxplumpjump', 'groove', 'loop', 'bass', 'guitar']","['guitar', 'bass']","['funk', 'rnb', 'groove']"
pat.smith85,Patrick Smith,"Coffee W/ Pat 
LIVE ON Sat @ 11am EST
$PatTSmith
Venmo: @PatSmith85
ü¶âü¶âü¶âü¶â",False,72300,2711,403800,211,2021-12-26,"['kymonc08', 'gailabattle', 'tpain']","['zionmiller', 'topherhehe', 'averagehozierenjoyer', 'arleisham', 'officialtemptations', 'shvnsinatra', 'juliankenn2', 'johnlegendofficial']","['zionmiller', 'topherhehe', 'averagehozierenjoyer', 'arleisham', 'officialtemptations', 'shvnsinatra', 'juliankenn2', 'kymonc08', 'johnlegendofficial', 'gailabattle', 'tpain']","{'zionmiller': 'https://v16-webapp.tiktok.com/4dc06fa2520e775752abd72e5212a89e/61cb4654/video/tos/useast5/tos-useast5-ve-0068c001-tx/667664f6eb214cd2b978e8f791e1889a/?a=1988&br=2102&bt=1051&cd=0%7C0%7C1&ch=0&cr=0&cs=0&cv=1&dr=0&ds=3&er=&ft=Yu12_F8rkag3-I&l=20211228111550010223076037178B22C9&lr=tiktok_m&mime_type=video_mp4&net=0&pl=0&qs=0&rc=M2U4cjY6ZnlxOTMzZzczNEApZzdkZmQ6NGRnN2g2ZGRmNWcvYmdkcjRvcm1gLS1kMS9zc2FjXmA0MTEuLTAvL2BfLTM6Yw%3D%3D&vl=&vr=', 'topherhehe': 'https://v16-webapp.tiktok.com/4dc06fa2520e775752abd72e5212a89e/61cb4654/video/tos/useast5/tos-useast5-ve-0068c001-tx/667664f6eb214cd2b978e8f791e1889a/?a=1988&br=2102&bt=1051&cd=0%7C0%7C1&ch=0&cr=0&cs=0&cv=1&dr=0&ds=3&er=&ft=Yu12_F8rkag3-I&l=20211228111550010223076037178B22C9&lr=tiktok_m&mime_type=video_mp4&net=0&pl=0&qs=0&rc=M2U4cjY6ZnlxOTMzZzczNEApZzdkZmQ6NGRnN2g2ZGRmNWcvYmdkcjRvcm1gLS1kMS9zc2FjXmA0MTEuLTAvL2BfLTM6Yw%3D%3D&vl=&vr=', 'averagehozierenjoyer': 'https://v16-webapp.tiktok.com/06299a45d7d198e54c7a7cb6a843373e/61cb4658/video/tos/useast2a/tos-useast2a-pve-0068/7f361c7235124a4bafca58b14d3d1063/?a=1988&br=2284&bt=1142&cd=0%7C0%7C1&ch=0&cr=0&cs=0&cv=1&dr=0&ds=3&er=&ft=Yu12_F8rkag3-I&l=20211228111550010223076037178B22C9&lr=tiktok_m&mime_type=video_mp4&net=0&pl=0&qs=0&rc=M3BuPGk6ZnFnOTMzNzczM0ApaTY2Zzw7NWVoNzo4M2Q6NWdpLzFpcjRnXzZgLS1kMTZzczYwNWIyYWBiNF9fNDReMy46Yw%3D%3D&vl=&vr=', 'arleisham': 'https://v16-webapp.tiktok.com/eb92fe68d0d10b1dfcdb2dbe55cd0437/61cb465a/video/tos/useast2a/tos-useast2a-ve-0068c004/54d3b32a6dcf4713a2df71ef2a280170/?a=1988&br=1288&bt=644&cd=0%7C0%7C1&ch=0&cr=0&cs=0&cv=1&dr=0&ds=3&er=&ft=Yu12_F8rkag3-I&l=20211228111550010223076037178B22C9&lr=tiktok_m&mime_type=video_mp4&net=0&pl=0&qs=0&rc=anBnb2g6Zm9mOTMzNzczM0ApODxnZDxlZDszNzU7PDQ4ZmcwcDZncjRvYTRgLS1kMTZzczItMl8zMl5hYGM2MTJiLmA6Yw%3D%3D&vl=&vr=', 'officialtemptations': 'https://v16-webapp.tiktok.com/e78e4452f5d03551e6a2b22fd1e9f705/61cb4670/video/tos/useast2a/tos-useast2a-ve-0068c003/3dab6d90ea6d40628f698bfedb152d8f/?a=1988&br=1942&bt=971&cd=0%7C0%7C1&ch=0&cr=0&cs=0&cv=1&dr=0&ds=3&er=&ft=Yu12_F8rkag3-I&l=20211228111550010223076037178B22C9&lr=tiktok_m&mime_type=video_mp4&net=0&pl=0&qs=0&rc=anJoZ2Y6Zjp2OTMzNzczM0ApZ2Q7NWRkZmRmNzs1ZTxoO2dhZHFvcjRfaDNgLS1kMTZzc18xYC5fLTNfMWFhMS42YDI6Yw%3D%3D&vl=&vr=', 'shvnsinatra': 'https://v16-webapp.tiktok.com/aefe9877da3f66d1f35b9d86cfda4f94/61cb4664/video/tos/useast2a/tos-useast2a-pve-0068/4d2c28f6c0a4406e982295e32c9da9e9/?a=1988&br=936&bt=468&cd=0%7C0%7C1&ch=0&cr=0&cs=0&cv=1&dr=0&ds=3&er=&ft=Yu12_F8rkag3-I&l=20211228111550010223076037178B22C9&lr=tiktok_m&mime_type=video_mp4&net=0&pl=0&qs=0&rc=MzNrZGk6ZndkOTMzNzczM0ApZGQ1aDo5ODxoN2ZnZGdnO2c1cWBucjRvYzJgLS1kMTZzczY1YTQvNGI2NmIyMS1fMi46Yw%3D%3D&vl=&vr=', 'juliankenn2': 'https://v16-webapp.tiktok.com/aefe9877da3f66d1f35b9d86cfda4f94/61cb4664/video/tos/useast2a/tos-useast2a-pve-0068/4d2c28f6c0a4406e982295e32c9da9e9/?a=1988&br=936&bt=468&cd=0%7C0%7C1&ch=0&cr=0&cs=0&cv=1&dr=0&ds=3&er=&ft=Yu12_F8rkag3-I&l=20211228111550010223076037178B22C9&lr=tiktok_m&mime_type=video_mp4&net=0&pl=0&qs=0&rc=MzNrZGk6ZndkOTMzNzczM0ApZGQ1aDo5ODxoN2ZnZGdnO2c1cWBucjRvYzJgLS1kMTZzczY1YTQvNGI2NmIyMS1fMi46Yw%3D%3D&vl=&vr=', 'kymonc08': 'https://v16-webapp.tiktok.com/c82756df390593d10c9c10b41c1c5d6e/61cb4673/video/tos/useast2a/tos-useast2a-ve-0068c002/c522b5a7073744cbb46e0af24b0522dc/?a=1988&br=1194&bt=597&cd=0%7C0%7C1&ch=0&cr=0&cs=0&cv=1&dr=0&ds=3&er=&ft=Yu12_F8rkag3-I&l=20211228111550010223076037178B22C9&lr=tiktok_m&mime_type=video_mp4&net=0&pl=0&qs=0&rc=Mzl3cjU6Zm83ODMzNzczM0ApOTtlZDQ0Z2QzNzY2ZTk1OGdtYV5hcjRnNHNgLS1kMTZzc2AuXzQ0MzJeY2ExNjZeYi46Yw%3D%3D&vl=&vr=', 'johnlegendofficial': 'https://v16-webapp.tiktok.com/0e9c0c9517c87ff7138ce9fa0bb387dd/61cb4681/video/tos/useast2a/tos-useast2a-ve-0068c001/9b569d89098642ac8ac65cf1f8570bba/?a=1988&br=1814&bt=907&cd=0%7C0%7C1&ch=0&cr=0&cs=0&cv=1&dr=0&ds=3&er=&ft=Yu12_F8rkag3-I&l=20211228111550010223076037178B22C9&lr=tiktok_m&mime_type=video_mp4&net=0&pl=0&qs=0&rc=MzpreTc6Zm55ODMzNzczM0ApNTg6NjppM2U3Nzc6M2dkaGdiYGgucjQwNXBgLS1kMTZzc14yMTUxNDRgMGE1Ni5fX2I6Yw%3D%3D&vl=&vr=', 'gailabattle': 'https://v16-webapp.tiktok.com/cdfae5ef8d86359ac23cfa1379ca7193/61cb467e/video/tos/useast2a/tos-useast2a-pve-0068/5c37cdd5d90e4deaa27dba16f206f079/?a=1988&br=852&bt=426&cd=0%7C0%7C1&ch=0&cr=0&cs=0&cv=1&dr=0&ds=3&er=&ft=Yu12_F8rkag3-I&l=20211228111550010223076037178B22C9&lr=tiktok_m&mime_type=video_mp4&net=0&pl=0&qs=0&rc=am5tZTo6ZmY0ODMzNzczM0ApODQ4aGVmaDs3Nzo7NTQ0ZmdyLW9kcjQwcXBgLS1kMTZzc2MtMWA1YjMuNTEwYl40XjQ6Yw%3D%3D&vl=&vr=', 'tpain': 'https://v16-webapp.tiktok.com/cdfae5ef8d86359ac23cfa1379ca7193/61cb467e/video/tos/useast2a/tos-useast2a-pve-0068/5c37cdd5d90e4deaa27dba16f206f079/?a=1988&br=852&bt=426&cd=0%7C0%7C1&ch=0&cr=0&cs=0&cv=1&dr=0&ds=3&er=&ft=Yu12_F8rkag3-I&l=20211228111550010223076037178B22C9&lr=tiktok_m&mime_type=video_mp4&net=0&pl=0&qs=0&rc=am5tZTo6ZmY0ODMzNzczM0ApODQ4aGVmaDs3Nzo7NTQ0ZmdyLW9kcjQwcXBgLS1kMTZzc2MtMWA1YjMuNTEwYl40XjQ6Yw%3D%3D&vl=&vr='}","['2022', 'nye', 'whatareyoudoingnewyearseve', 'canwehangout', 'duet', 'letsdosome', 'commodores', 'jesusislove', 'lionelrichie', 'happyholidays', 'iykyk', 'andre3000', 'prototype', 'singwithme', 'itsnotchristmasyet', 'spongebob', 'justpostit', 'harmony', 'fyp', 'iwishitwouldrain', 'oldiebutgoodie', 'karaoke', 'soul', 'blackcreators', 'tyrese', 'lately', 'popcornkaraoke', 'rnb', 'feelgoodmusoc', 'modulation', 'happyveteransdayüá∫üá∏', 'cold', 'winter', 'holidaymusic', 'christmas', 'original', 'quicksong', 'therapy', 'breathe', 'openmic', 'openlive', 'incredibles', 'frozone', 'halloween', 'pokemon', 'pikachu', 'squirtlestew', 'johnlegend', 'staywithyou', 'popcornduet', 'classic', 'jillscott', 'golden', 'buyuadrink', 'scat', 'tpain', 'vocalist']",[],['rnb']
zionmiller,zionmiller,"21 :)
I like spongebob
SoundCloud: Zion_miller",False,64100,1594,859100,616,2021-12-23,['im_siowei'],"['liannefrankel', 'pentatonix', 'topherhehe', 'kingkarim_kamar', 'pat.smith85', 'chrismazuera', 'tic2datoc']","['liannefrankel', 'im_siowei', 'pentatonix', 'topherhehe', 'kingkarim_kamar', 'pat.smith85', 'chrismazuera', 'tic2datoc']","{'liannefrankel': 'https://v16-webapp.tiktok.com/5532902da7a0a0b1ff652a6a53a9864b/61cb4677/video/tos/useast5/tos-useast5-ve-0068c004-tx/e976635f7d3d459b8ff4415df38eb048/?a=1988&br=1212&bt=606&cd=0%7C0%7C0&ch=0&cr=0&cs=0&dr=0&ds=3&er=&ft=Yu12_F8rkag3-I&l=20211228111608010223075159138E2D99&lr=tiktok_m&mime_type=video_mp4&net=0&pl=0&qs=0&rc=M2o1bDw6ZnBvOTMzZzczNEApOTkzZzs4Z2RmNzdlZjNlNmczaF4zcjRnc3BgLS1kMS9zczFhL2MyYTIwYV9jYmIvYy86Yw%3D%3D&vl=&vr=', 'im_siowei': 'https://v16-webapp.tiktok.com/15ec7cad279ce7baffad257fa3db4d01/61cb4684/video/tos/useast5/tos-useast5-ve-0068c002-tx/d5a4e47736f74b09a7329644316aa77a/?a=1988&br=2258&bt=1129&cd=0%7C0%7C1&ch=0&cr=0&cs=0&cv=1&dr=0&ds=3&er=&ft=Yu12_F8rkag3-I&l=20211228111608010223075159138E2D99&lr=tiktok_m&mime_type=video_mp4&net=0&pl=0&qs=0&rc=amRsMzw6ZjRrOTMzZzczNEApOWZnOztkMzw4Nzw4ZTVnZGdxcjE2cjQwLnBgLS1kMS9zc2IzYjRiYDMxMzUvX2BeYS46Yw%3D%3D&vl=&vr=', 'pentatonix': 'https://v16-webapp.tiktok.com/49e2eaaf7da27fac506c73e6b3e02eaf/61cb4677/video/tos/useast5/tos-useast5-pve-0068-tx/1a53ec75301449adae331eefef213f9f/?a=1988&br=2048&bt=1024&cd=0%7C0%7C1&ch=0&cr=0&cs=0&cv=1&dr=0&ds=3&er=&ft=Yu12_F8rkag3-I&l=20211228111608010223075159138E2D99&lr=tiktok_m&mime_type=video_mp4&net=0&pl=0&qs=0&rc=anV1dDc6ZmZ4OTMzZzczNEApOzM7ZWdoNzxpNzc2NzRlPGdxYG1zcjRfcm9gLS1kMS9zczJhNWEuYmM0YDFjYTEyMDQ6Yw%3D%3D&vl=&vr=', 'topherhehe': 'https://v16-webapp.tiktok.com/aaf1c93a1c02412e2ff141b9ecb0ee37/61cb4666/video/tos/useast5/tos-useast5-ve-0068c002-tx/4aa906ce06054c788f732e580e0f40d2/?a=1988&br=1312&bt=656&cd=0%7C0%7C1&ch=0&cr=0&cs=0&cv=1&dr=0&ds=3&er=&ft=Yu12_F8rkag3-I&l=20211228111608010223075159138E2D99&lr=tiktok_m&mime_type=video_mp4&net=0&pl=0&qs=0&rc=Mzt2ajo6ZjhsOTMzZzczNEApZzk0OWg2ZWQ4NzQ0OzhoOmdhZTFtcjRnNWxgLS1kMS9zczIxMzYuXy9fLzAwNTMwMGA6Yw%3D%3D&vl=&vr=', 'kingkarim_kamar': 'https://v16-webapp.tiktok.com/3d971aaa0be9704a14554a2a6c6db5d1/61cb4693/video/tos/useast5/tos-useast5-v-0068-tx/afa3013096374b8c9b319d56906afdc0/?a=1988&br=5990&bt=2995&cd=0%7C0%7C0&ch=0&cr=0&cs=&cv=1&dr=0&ds=&er=&ft=Yu12_F8rkag3-I&l=20211228111608010223075159138E2D99&lr=tiktok_m&mime_type=video_mp4&net=0&pl=0&qs=13&rc=anV2Zzw6ZnlyOTMzZzczNEApPGVsbHg6NnhwZjMzajc1eWc2X2ZmcjQwcmpgLS1kMS9zc2RvcGE2NGBzbDMtLWExLS46Yw%3D%3D&vl=&vr=', 'pat.smith85': 'https://v16-webapp.tiktok.com/838bfdc052413cab08be415bde898db1/61cb4693/video/tos/useast5/tos-useast5-v-0068-tx/9c8ed790bca8475ab7d701698b1cdc39/?a=1988&br=6476&bt=3238&cd=0%7C0%7C0&ch=0&cr=0&cs=&dr=0&ds=&er=&ft=Yu12_F8rkag3-I&l=20211228111608010223075159138E2D99&lr=tiktok_m&mime_type=video_mp4&net=0&pl=0&qs=13&rc=M2pzMzs6Zm1yOTMzZzczNEApdHQ0NHg6dXFwZjMzajc1eWdubi4ucjRva2pgLS1kMS9zcy1kbS01NGBnbDMtLWExLS46Yw%3D%3D&vl=&vr=', 'chrismazuera': 'https://v16-webapp.tiktok.com/b280b9deac54430548465ecc4fc57faa/61cb467e/video/tos/useast5/tos-useast5-v-0068-tx/b5bbc28dd6134421824afffeb9cfc24f/?a=1988&br=6266&bt=3133&cd=0%7C0%7C0&ch=0&cr=0&cs=&dr=0&ds=&er=&ft=Yu12_F8rkag3-I&l=20211228111608010223075159138E2D99&lr=tiktok_m&mime_type=video_mp4&net=0&pl=0&qs=13&rc=M3VqeTY6ZnZqOTMzZzczNEApcDtrbXg6ZTxnZjMzajc1eWdqNWVncjRfNmFgLS1kMS9zcy1vZHMwNGBwZDMtLWExLS46Yw%3D%3D&vl=&vr=', 'tic2datoc': 'https://v16-webapp.tiktok.com/9f8317b4540a0125400911f40f99ed63/61cb4684/video/tos/useast5/tos-useast5-ve-0068c001-tx/12f35678932143a491121f168fc1bfe0/?a=1988&br=1370&bt=685&cd=0%7C0%7C1&ch=0&cr=0&cs=0&cv=1&dr=0&ds=3&er=&ft=Yu12_F8rkag3-I&l=20211228111614010223080149108C2E50&lr=tiktok_m&mime_type=video_mp4&net=0&pl=0&qs=0&rc=M2pob2U6ZjdnOTMzZzczNEApNmQ3NjU8OTs3NzQ3PDMzO2dfZWBpcjRvcWFgLS1kMS9zc2ExLTExNWNiLy0zMjEwXjE6Yw%3D%3D&vl=&vr='}","['fyp', 'singing', 'original', 'christmas', 'earthakitt', 'duet', 'ahh', 'chloexhalle', 'yay', 'pentatonix', 'adele', 'arilennox']",[],[]
