user_name,signature,verified,basic_stats,links,hashtags
peepeeboye,Welcome to PeePeeBoyeâ„¢ inc. How can we darken your day?,False,"follower_count : 3985
following_count : 344
likes_count : 264100
video_count : 29
last_active : 2020-03-09
","https://tiktok.com/@peepeeboye/video/6802329935244463365
https://tiktok.com/@peepeeboye/video/6803848513676430597","synth, cat, yamaha, synthesizer, music, spooky, catchallenge, cute, funny, fyp, bass, vintagesynth, retro, shesok, dj, producer, dance, party, 4upage, v"
missharmonyb,"Actor/ Singer/ Teacher
ğŸ“Orlando, FL
Instagram: @missharmonyb",False,"follower_count : 4091
following_count : 141
likes_count : 449500
video_count : 25
last_active : 2020-12-04
",https://tiktok.com/@missharmonyb/video/6902460240122449158,"synth, voiceeffects, storytime, retail, tacobell, cashier, blackfriday2020, funny, fyp, karen, speaktothemanager"
not_stonefish,"Stonefish on Spotify 

I make music and funny sounds, thanks for stopping by :^)",False,"follower_count : 3534
following_count : 117
likes_count : 116300
video_count : 18
last_active : 2020-12-03
","https://tiktok.com/@not_stonefish/video/6902108719031586053
https://tiktok.com/@not_stonefish/video/6953750308665183493
https://tiktok.com/@not_stonefish/video/6903665582441303301
https://tiktok.com/@not_stonefish/video/6901390741285784837","synth, regularshow, synthtok, fyp, kaliuchis, tylerthecreator, igor, producer, flstudio"
fabio.pilz,Pianista - Cantor - Guitarrista - Compositor - Produtor,False,"follower_count : 3393
following_count : 17
likes_count : 54300
video_count : 97
last_active : 2020-11-26
",https://tiktok.com/@fabio.pilz/video/6899442916364750081,"synth, vanhalen, piano, keyboard, music, musica, rock, rocknroll"
livingwithpity,They/them,False,"follower_count : 4669
following_count : 842
likes_count : 129700
video_count : 34
last_active : 2021-08-10
",https://tiktok.com/@livingwithpity/video/6994930075351125254,"synth, omnichord, suzukisystem100, system100"
bryanfusco,,False,"follower_count : 3707
following_count : 70
likes_count : 95100
video_count : 11
last_active : 2021-06-25
",https://tiktok.com/@bryanfusco/video/6977845882372869382,"synth, roli, synthtok"
theominousmango,My passion is developing audio plugins and my fuel is a hatred of capitalism,False,"follower_count : 3411
following_count : 163
likes_count : 105900
video_count : 68
last_active : 2021-12-10
",https://tiktok.com/@theominousmango/video/7039923799122251014,"synth, musictheory, music, fyp"
robert.zuniga,escucha Anywhere Else!!,False,"follower_count : 544
following_count : 120
likes_count : 38600
video_count : 35
last_active : 2022-01-22
",https://tiktok.com/@robert.zuniga/video/7056113738616687878,"synth, indieartist, musictok, homestudio, flstudio"
tatecello,"i make music n stuff

18",False,"follower_count : 2725
following_count : 326
likes_count : 49300
video_count : 11
last_active : 2021-02-26
",https://tiktok.com/@tatecello/video/6933469468626668806,"synth, fyp, foryou, foryoupage, funny, tiktok, music, brass, lick, arturia, jazz, jacobcollier, j3po"
elcazaputas2,,False,"follower_count : 1250
following_count : 859
likes_count : 30000
video_count : 4
last_active : 2021-02-04
",https://tiktok.com/@elcazaputas2/video/6925545850508725510,"synth, fyp, regularshowww, music, unshowmas, sintetizador"
pouyasaffari,,False,"follower_count : 971
following_count : 305
likes_count : 32700
video_count : 54
last_active : 2021-10-18
",https://tiktok.com/@pouyasaffari/video/7020483465883684102,"synth, duet, edm, edmtiktok, flstudio, samplechallenge, sampledbeats, metaldetecting, producertok, housemusic, technomusic, acidhouse"
agorkovoy,"Making music, using various devices",False,"follower_count : 1529
following_count : 191
likes_count : 144800
video_count : 58
last_active : 2021-02-10
",https://tiktok.com/@agorkovoy/video/6927548568349756677,"synth, duet, synthtok, soundtrack, suspense, moog, octatrack"
alexlowenmusic,"Music & StuffğŸµ
ğŸ‘‡ğŸ»FARAWAY EPğŸ‘‡ğŸ»",False,"follower_count : 4672
following_count : 189
likes_count : 90900
video_count : 66
last_active : 2021-01-24
",https://tiktok.com/@alexlowenmusic/video/6921395228024835330,"synth, analog, acid, techno, synthtok, acidtok"
aipan.music,"3000+ ğŸ™ğŸ»
20K+ â¤ï¸ 
ĞºÓ©Ğ¿-ĞºÓ©Ğ¿ Ñ€Ğ°Ñ…Ğ¼ĞµÑ‚ ğŸ”¥â¤ï¸",False,"follower_count : 2914
following_count : 10
likes_count : 22300
video_count : 6
last_active : 2021-06-14
",https://tiktok.com/@aipan.music/video/6973756784683126017,"synth, Ğ°Ğ»Ğ´Ğ°Ñ€ĞºĞ¾ÑĞµ, remix, Ñ€ĞµĞ¼Ğ¸ĞºÑ, kazakhstan, flstudio, futurebass, Ğ²Ñ€ĞµĞº, Ñ…Ğ¾Ñ‡ÑƒĞ²Ñ€ĞµĞº, Ñ…Ğ¾Ñ‡ÑƒĞ²Ñ€ĞµĞºĞ¾Ğ¼ĞµĞ½Ğ´Ğ°Ñ†Ğ¸Ğ¸, pluck, bass, vocal"
k8erade,"she/her
24 year old public menace
Katie_Hall5 on twitter (and venmoğŸ™ƒ)",False,"follower_count : 1295
following_count : 95
likes_count : 19600
video_count : 41
last_active : 2021-06-25
",https://tiktok.com/@k8erade/video/6977547869498690822,"synth, musictiktok, garageband, hilaryduff, a24, fypã‚·"
8toberr,ğŸ¹ğŸ¹,False,"follower_count : 1520
following_count : 6
likes_count : 19100
video_count : 11
last_active : 2020-11-14
",https://tiktok.com/@8toberr/video/6895043325859089669,"synth, nike, aesthetic, indie, justdoit, clairo, indiepop, skater, jazz"
canned_meat,Iâ€™m Graham. He/Him. 24. I am truly here just to vibe out.,False,"follower_count : 547
following_count : 520
likes_count : 21300
video_count : 52
last_active : 2021-02-10
",https://tiktok.com/@canned_meat/video/6927753075784453382,"synth, gottem, epic, owned"
jwotto,"ğŸ¹Maker of weird musical instrumentsÂ 
ğŸ“ºYoutuber
âš ï¸diy enthousiast",False,"follower_count : 2111
following_count : 5
likes_count : 37100
video_count : 27
last_active : 2021-01-14
",https://tiktok.com/@jwotto/video/6917549105187147010,"synth, synthesizer, dj, doodles, art, music, technology, electronics, diy, maker, analogsynth, musicteacher, artteacher"
leviwildemusic,"I make music
My album is out on Spotify!
Check out the youtube",False,"follower_count : 2304
following_count : 31
likes_count : 36500
video_count : 124
last_active : 2020-12-20
","https://tiktok.com/@leviwildemusic/video/6908396523470458118
https://tiktok.com/@leviwildemusic/video/6940082363569278214","synth, funk, funky, groovy, keyboardist, liveloop, livelooping, jam, music, musician, originalsong, groovin, stankface, musicians, fyp, meme, musicmeme"
okaychj,Non-profit providing services to the LGBTQ and formerly incarcerated population,False,"follower_count : 1372
following_count : 215
likes_count : 37200
video_count : 96
last_active : 2020-11-19
",https://tiktok.com/@okaychj/video/6896704883471289605,"synth, wendycarlos, trans, foryou, foryourpage, fyp, transawarenessweek, lgbt, lgbtq, greenscreen, movie"
sixspirals,ğŸ¥€ siberian russian in nyc ğŸŒ™,False,"follower_count : 689
following_count : 334
likes_count : 13300
video_count : 8
last_active : 2021-02-14
",https://tiktok.com/@sixspirals/video/6929204482035191046,"synth, sovietwave, molchatdoma, postpunk, goth, greenscreen, valentinesday"
bentcoleman,"music and stuff
let me produce ur song :)
listen to sack lunch! on all platforms",False,"follower_count : 1854
following_count : 317
likes_count : 17200
video_count : 70
last_active : 2021-01-27
",https://tiktok.com/@bentcoleman/video/6922569695518395654,"synth, musicproduction, logicprox, synthesizer, electricguitar, guitarsolo, fyp, foryoupage, musicproducer, music"
juliusdolls,hello,False,"follower_count : 832
following_count : 71
likes_count : 29000
video_count : 55
last_active : 2022-02-16
","https://tiktok.com/@juliusdolls/video/7065296329756429614
https://tiktok.com/@juliusdolls/video/7061738877312191791","synth, ethereal, indie, euphoria, indiepop, producer, bedroompop, fashionweek"
_jorb,"My names Jorb, and I love gear.",False,"follower_count : 1383
following_count : 54
likes_count : 18700
video_count : 7
last_active : 2020-11-24
","https://tiktok.com/@_jorb/video/6898481706223832325
https://tiktok.com/@_jorb/video/6899236197869178117
https://tiktok.com/@_jorb/video/6899993640270155014","synth, synthesizer, learn, electronicmusic, strangerthings, synthtok, gear, 80s, edm, learnontiktok, fyp, musiciansoftiktok, toto, stitch, indie, music, macdemarco"
octoberlovesong,"PHX, AZğŸŒµâ€”> CDMX ğŸ‡²ğŸ‡½
Vegana ğŸŒ±
I do YT
@liannalarios",False,"follower_count : 1096
following_count : 58
likes_count : 12200
video_count : 34
last_active : 2022-01-29
",https://tiktok.com/@octoberlovesong/video/7058454281225260334,"synth, fyp, mexicoalternativo, goth, losdarks, rockera, cdmx, mexicoğŸ‡²ğŸ‡½, mexicocity, cdmxlife, gothclubhits, 80smusic, industrial, newwave"
lautarobreit,,False,"follower_count : 3461
following_count : 26
likes_count : 24400
video_count : 74
last_active : 2021-06-05
",https://tiktok.com/@lautarobreit/video/6970128212483460357,"synth, 80s, lukemillion, airwolf, lobodelaire, seriedelos80, tvshow"
indigohouseband,"Very cool band based in Leeds (UK)
ALL THE LINKS YOU NEED â¬‡ï¸â¬‡ï¸",False,"follower_count : 198
following_count : 13
likes_count : 11700
video_count : 8
last_active : 2021-10-30
","https://tiktok.com/@indigohouseband/video/7024806996796886278
https://tiktok.com/@indigohouseband/video/7020071446370061574","synth, fyp, fypã‚·, neon, night, band, music, newmusic, xyz, pop, alt, trailer"
subtlestatic,Music producer from Brisbane Australia ğŸ¤™ğŸ½ Check out the link below for music!,False,"follower_count : 1122
following_count : 55
likes_count : 14100
video_count : 54
last_active : 2020-11-03
",https://tiktok.com/@subtlestatic/video/6890682321884728578,"synth, serum, xfer, ableton, flstudio, synthtok"
raajeev_v_bhalla,Making hit anthems! Latest release : Dettol hand wash challenge official song,False,"follower_count : 2122
following_count : 88
likes_count : 11900
video_count : 83
last_active : 2020-04-08
",https://tiktok.com/@raajeev_v_bhalla/video/6813215242944793858,"synth, musician, newmusic, live, edutokmusic, onlymusic, guitar, cool, dj, house, song, tiktokliveconcert"
electricneonclouds,"Indie pop artist â¤ï¸ songwriter, producer, musician and studio owner!",False,"follower_count : 3535
following_count : 1086
likes_count : 37600
video_count : 380
last_active : 2022-01-02
",https://tiktok.com/@electricneonclouds/video/7048631595883924742,"synth, producer, musicproduction, production, indieartist, indiepop"
beautysleeptheband,"we a band hey
ran from the perspective of the crazy synth lady 
ğŸ¶â¬‡ï¸",False,"follower_count : 1246
following_count : 264
likes_count : 13600
video_count : 124
last_active : 2021-04-14
",https://tiktok.com/@beautysleeptheband/video/6951020048173534470,"synth, sxsw, music, band, fyp, indie, margarita, drinking, belfast, guitar, bass, drums, beautysleep, foryoupage"
landratte89,Pocket Operator Beginner,False,"follower_count : 1707
following_count : 40
likes_count : 9468
video_count : 35
last_active : 2021-10-26
",https://tiktok.com/@landratte89/video/7023300603124223238,"synth, pocketoperator, po, po12, drummachine, minisynth"
mab_deuxfreres,"Pop franÃ§aise du turfu âš¡ï¸entres frÃ¨res 
Venez sur INSTA

ğŸµnouvel EP â¬‡ï¸",False,"follower_count : 2762
following_count : 142
likes_count : 21500
video_count : 18
last_active : 2021-01-20
",https://tiktok.com/@mab_deuxfreres/video/6919929948119567621,"synth, rap, fastrap, musique, deuxfreres, bleu, creatif"
slatecolouredstorm,"23, musician, NFLD

Vids about music and games mostly",False,"follower_count : 4517
following_count : 591
likes_count : 376600
video_count : 263
last_active : 2021-02-24
",https://tiktok.com/@slatecolouredstorm/video/6932953940925484293,"synth, duet, darksynth, musictok, musiciansontiktok, musician"
ak_dev_,Techno DJ & live performer in Naarm (Melbourne),False,"follower_count : 764
following_count : 15
likes_count : 18800
video_count : 18
last_active : 2021-06-16
","https://tiktok.com/@ak_dev_/video/6974230709925842178
https://tiktok.com/@ak_dev_/video/6974021526571994370","synth, catsoftiktok, techno, rave, synthtok, acidtok, musicproduction, acidtechno, analog, elektron, darktechno, australia"
davidjopcik,,False,"follower_count : 549
following_count : 700
likes_count : 9055
video_count : 11
last_active : 2021-05-25
",https://tiktok.com/@davidjopcik/video/6966112179024121094,"synth, vanhalen, jump, piano"
jordski,"No rhyme or reason, just posting whatever ğŸ¤·ğŸ¼â€â™€ï¸",False,"follower_count : 1628
following_count : 124
likes_count : 10000
video_count : 17
last_active : 2019-11-16
",https://tiktok.com/@jordski/video/6760012913139780870,"synth, ledzeppelin, wholettheledout, keyboard, pianocover, classicrock, pianogirl"
ctbid_n_cpam,,False,"follower_count : 1582
following_count : 329
likes_count : 8840
video_count : 10
last_active : 2021-05-15
",https://tiktok.com/@ctbid_n_cpam/video/6962591622118821121,"synth, synthtok, synthesiser, Ğ¿Ğ¾Ğ»Ğ¸Ğ²Ğ¾ĞºÑ, ÑÑÑÑ€, terminator, sovietwave, bradfiedel, music"
double2zam,ĞĞ±Ğ¾Ğ¶Ğ°Ñ Ğ¼ÑƒĞ·Ñ‹ĞºÑƒ Ğ¸ Ñ…Ğ¾Ñ‡Ñƒ ĞµÑ Ğ´ĞµĞ»Ğ¸Ñ‚ÑŒÑÑ ÑĞ¾ Ğ²ÑĞµĞ¼Ğ¸. Ğ’Ğ°Ñ Ğ¶Ğ´ÑƒÑ‚ Ğ»ÑƒÑ‡ÑˆĞ¸Ğµ ĞºĞ¾Ğ¼Ğ¿Ğ¾Ğ·Ğ¸Ñ†Ğ¸Ğ¸ Ğ¼Ğ¸Ñ€Ğ°.,False,"follower_count : 1892
following_count : 61
likes_count : 24100
video_count : 22
last_active : 2021-05-08
",https://tiktok.com/@double2zam/video/6959924147103288577,"synth, music, Ğ¿Ñ€Ğ¸Ğ¿ĞµĞ², dz, doublezam, kavinsky, drive, synthwave, night, call, electronica, 80s"
realbrettdomino,Hit pop producer. Official TikTok.,False,"follower_count : 4902
following_count : 0
likes_count : 18900
video_count : 7
last_active : 2021-06-03
",https://tiktok.com/@realbrettdomino/video/6969554948614851846,"synth, slayer, rainingblood, brettdomino, brettdominotrio, keyboard, keytar, coversong, metal, coolmusic, uk"
roy.vince,instrumentalist,False,"follower_count : 3595
following_count : 21
likes_count : 25300
video_count : 38
last_active : 2021-11-07
","https://tiktok.com/@roy.vince/video/7027906844475542790
https://tiktok.com/@roy.vince/video/7060561608212253957","synth, fyp, foryoupage, sample, frankdukes, playboicarti, producersoftiktok, trippieredd, flstudio, beatmaker, samplechallenge"
businesstechnoinstitute,"letâ€™s make a better tomorrow land today
hit follow",False,"follower_count : 1433
following_count : 435
likes_count : 74000
video_count : 93
last_active : 2022-02-14
","https://tiktok.com/@businesstechnoinstitute/video/7064688384437996806
https://tiktok.com/@businesstechnoinstitute/video/7065068514222099718
https://tiktok.com/@businesstechnoinstitute/video/7066720402206231814","synth, lofi, cassette, analogsynth, modularsynth, amazingfacts, aphextwin, idm, musicvideo, 90s, electronicmusic, learnontiktok, musicproducer, producertok"
itsbrux,"ğŸ¹ğŸ¤ğŸ¥beatmaker | vocalist 
Shop the debut BRUX collection >> swag.bruxmusic.com",False,"follower_count : 547
following_count : 174
likes_count : 11800
video_count : 74
last_active : 2021-04-06
",https://tiktok.com/@itsbrux/video/6947855411923963142,"synth, analog, midi, polyphonic, musicproducertips"
onlyactlng,"20th biggest charli xcx fan in the world
37th biggest kkb fan in the world",False,"follower_count : 837
following_count : 1293
likes_count : 48400
video_count : 125
last_active : 2021-12-19
",https://tiktok.com/@onlyactlng/video/7043372464767814917,"synth, sophie, trans, sophiexeon, hyperpop, electronic, sophiatherobot"
creepermc.0,"FÃ¼r euch :
Meine Videos",False,"follower_count : 1033
following_count : 19
likes_count : 11600
video_count : 28
last_active : 2021-06-23
","https://tiktok.com/@creepermc.0/video/6977015543710731525
https://tiktok.com/@creepermc.0/video/6975817580858641669","synth, minecraft, bedrock, foryou, fyp, minecraftbedrock"
jameatergaming,"weeb ğŸ¥º
FOLLOW ğŸŒˆ for game + anime + music stuffâš¡ï¸",False,"follower_count : 641
following_count : 117
likes_count : 8952
video_count : 62
last_active : 2020-03-10
",https://tiktok.com/@jameatergaming/video/6802638125173574918,"synth, nintendo, nes, retro, retrogames, synthesizer, chiptune, keyboard, instrument, videogames, musician"
daibluu,Versatile demon âœ¨,False,"follower_count : 2449
following_count : 44
likes_count : 14600
video_count : 19
last_active : 2021-08-02
",https://tiktok.com/@daibluu/video/6991722680038853894,"synth, fypã‚·, synthtok, fy, foryoupage, music, vibes, summervibes, garageband, flstudio, animeedit, anime, weekndvibes11"
castle.at,analog man in a digital world,False,"follower_count : 1158
following_count : 46
likes_count : 6965
video_count : 3
last_active : 2020-04-19
",https://tiktok.com/@castle.at/video/6817413208064658693,"synth, coffindance, coffin, analog, meme, 2020, sexy, ok, go, f, yourself"
nhpdn,,False,"follower_count : 1189
following_count : 2164
likes_count : 9307
video_count : 6
last_active : 2022-01-03
",https://tiktok.com/@nhpdn/video/7049041286262689030,"synth, korg, rave, party, music, dj, electronic, electromusic, noprofit, electribe, electribe2, synthetizer"
sr.haku,"Dank memes.
Idiot boy.
twitch.tv/srhaku",False,"follower_count : 416
following_count : 22
likes_count : 5382
video_count : 5
last_active : 2018-12-02
",https://tiktok.com/@sr.haku/video/6630389171238227205,"synth, meme, sans, undertale, piano, ironic, dank, dankmeme"
derdolle_h.d.c,"Hardtekk Act 
HELL DESTRUCTION CREW
Anfragen per Instagram
Magdeburg",False,"follower_count : 297
following_count : 46
likes_count : 6069
video_count : 7
last_active : 2022-01-30
",https://tiktok.com/@derdolle_h.d.c/video/7058837801344797958,"synth, soundcloud, keller, bpm, tekk, amuse, spotify, efn, party, afterhour, dance, bass, techno, fy, fÃ¼rdich, hrdtkk, festival, gehtviral"
blookah,I make music. Mgmt: Nick@mnifest.co New EP is OUT NOW!,False,"follower_count : 2350
following_count : 54
likes_count : 11700
video_count : 48
last_active : 2021-01-18
","https://tiktok.com/@blookah/video/6919119531424140549
https://tiktok.com/@blookah/video/6929509072366570758","synth, fyp, foryourpage, ableton, producerlife, beats, funk, soul, disco, electronicmusic, producer, roland, korg, foryou, housemusic, jam, looping, edm"
slush333,work for it ğŸ§¡,False,"follower_count : 48
following_count : 0
likes_count : 9772
video_count : 46
last_active : 2022-02-15
",https://tiktok.com/@slush333/video/7064746380849466671,"synth, foryoupage, fyp, live, music, musica, breakbeat, beats, producer, drums, dance, baile, techno, house, edm, dub, electro, flow, vibe, sound"
lolodarko,"Electronic Music Producer.
#LostChild Out Nowâ€¼ï¸

Follow me on IG @ LoLo.Darko",False,"follower_count : 2826
following_count : 128
likes_count : 30800
video_count : 116
last_active : 2021-01-02
",https://tiktok.com/@lolodarko/video/6913204276454083845,"synth, beat, pocketoperator, teenageengineering, robot, streetfighter, music, synthjam, supreme, beats, dailyvlog, po, fyp"
prod.prodigi,"Rip Lil Puma â¤ï¸â¤ï¸â¤ï¸
Follow my ig for beats",False,"follower_count : 1892
following_count : 224
likes_count : 63000
video_count : 30
last_active : 2022-02-13
",https://tiktok.com/@prod.prodigi/video/7064077473146899758,"synth, producer, producertok, fyp"
nerdynoodleninja,"Hi,",False,"follower_count : 104
following_count : 0
likes_count : 4527
video_count : 15
last_active : 2020-01-02
",https://tiktok.com/@nerdynoodleninja/video/6777241336157342982,"synth, robots, fallout4, fallout, 2020"
synth_history,synthhistory.tv,False,"follower_count : 1141
following_count : 1
likes_count : 5612
video_count : 15
last_active : 2021-05-09
",https://tiktok.com/@synth_history/video/6960092009671462149,"synth, synths, synthesizers, 1980s, quincyjones, herbiehancock"
codymixes,"NYC. Recording, Mixing, Mastering Engineer for Music, TV, & Major Motion Picture",False,"follower_count : 326
following_count : 40
likes_count : 5823
video_count : 7
last_active : 2021-03-16
",https://tiktok.com/@codymixes/video/6940356429861620998,"synth, stitch, tacobell, synthtok, midi, protools, musicproduction, wwe, audioengineer, music"
therminalc,"âš¡ï¸THEREMIN & SYNTHâš¡ï¸
Coralie Ehinger solo project
THERMINAL C",False,"follower_count : 4856
following_count : 28
likes_count : 16200
video_count : 22
last_active : 2022-01-05
",https://tiktok.com/@therminalc/video/7049663770171428102,"synth, theremin, claravox, moog"
roberttkacz66,,False,"follower_count : 45
following_count : 19
likes_count : 5632
video_count : 5
last_active : 2021-12-17
",https://tiktok.com/@roberttkacz66/video/7042738423769222406,"synth, pourtoi, foryou, music, musique, wtfmoments"
paolacorin,Hi :),False,"follower_count : 553
following_count : 187
likes_count : 5082
video_count : 5
last_active : 2021-01-29
",https://tiktok.com/@paolacorin/video/6923017781474577670,"synth, music, producer, phaseplant, electronic"
baka.dekai,"MÃºsica extraterrestre ğŸ‘½

Artista nerd â˜¢ï¸",False,"follower_count : 654
following_count : 63
likes_count : 12300
video_count : 8
last_active : 2022-01-09
",https://tiktok.com/@baka.dekai/video/7051176938228010246,"synth, dnb, drumandbassmusic, musica, music, fy, fyp, arturia, drums"
donteatmylemons,"ğŸ’¿ Spotify is @donteatmylemons 
music recs",False,"follower_count : 2777
following_count : 46
likes_count : 104500
video_count : 50
last_active : 2021-11-30
",https://tiktok.com/@donteatmylemons/video/7036181839890910511,"synth, music, postpunk, depechemode, newwave, synthpop, songs, fyp, spotify, tomtomclub, playlist"
tarotunes,Sharing the freshest of tunes ğŸˆ,False,"follower_count : 674
following_count : 105
likes_count : 8437
video_count : 235
last_active : 2021-04-11
",https://tiktok.com/@tarotunes/video/6949683273392033030,"synth, synthtok, 808, live, producer, funk, abletonlive, raybanelevatordance"
asoundlab,"Fun, joy and community through music technology!",False,"follower_count : 3028
following_count : 682
likes_count : 26700
video_count : 86
last_active : 2021-08-02
","https://tiktok.com/@asoundlab/video/6991816369864019206
https://tiktok.com/@asoundlab/video/6992690833426271493
https://tiktok.com/@asoundlab/video/7005738039658040582
https://tiktok.com/@asoundlab/video/7066975505848995119
https://tiktok.com/@asoundlab/video/7012223928554884358","synth, synthtok, casio, casiovintage, cz1000, cz101, vintagesynth, 80s, soundtrack, ambient, scifi, moog, memorymoog, analogsynth, sounddesign, korg, poly800, synthesizer, electronicmusic, japan, vintage, prologue, 2020s, musicproduction, roland, sa09, 70s, victorymusic, organ, synthpop"
otis_mcdonald,"New tracks released EVERY FRIDAY 

Funk survivor of the 23rd century",False,"follower_count : 2975
following_count : 68
likes_count : 11400
video_count : 61
last_active : 2021-10-15
",https://tiktok.com/@otis_mcdonald/video/7019349593292868870,"synth, otismcdonald, beats, drummer, producer, soulmusic, hiphop, funk, beatmakerchallenge, duet, duetwithme, dance, pop, juno106"
g.maner,20 year old video editor. Based in Kaneohe HI.,False,"follower_count : 2898
following_count : 191
likes_count : 285000
video_count : 34
last_active : 2021-03-26
",https://tiktok.com/@g.maner/video/6943809907116297477,"synth, blue, lights, night, vibe, knoxville, knoxtok, fyp"
eatfrommydinner,,False,"follower_count : 978
following_count : 315
likes_count : 79100
video_count : 8
last_active : 2021-05-20
",https://tiktok.com/@eatfrommydinner/video/6964342044651244805,"synth, duet, noise, balls, noisepop, feedbackloop, peaking"
calfbeats,"ğŸ”¥ğŸªğŸŒŒğŸ’«â˜„ï¸
music producer/musician 
ğŸ¥ğŸ¹ğŸšï¸ğŸ¸ğŸ™ï¸
ğš’ğš: calfbeats ğŸ”‰",False,"follower_count : 157
following_count : 21
likes_count : 16500
video_count : 7
last_active : 2022-02-15
",https://tiktok.com/@calfbeats/video/7064845090405108997,"synth, travisscott, studio, fypã‚·ã‚šviral, synthsolo, xyzbca, bass, music, cactusjack, musicproducer, mikedean"
enjoy_division,"Ig : en__jia
Saint Petersburg, 19
Ğ¼Ğ¾Ğ¹ Ñ‚Ñ€ĞµĞº 
â€˜ÑĞ´ĞµÑ€Ğ¶Ğ¸Ğ²Ğ°Ñ‚ÑŒ ÑĞ»Ñ‘Ğ·Ñ‹â€™ Ğ¿Ğ¾ ÑÑÑ‹Ğ»ĞºĞµ Ğ½Ğ¸Ğ¶Ğµ!",False,"follower_count : 3810
following_count : 145
likes_count : 548800
video_count : 381
last_active : 2021-04-03
",https://tiktok.com/@enjoy_division/video/6946876546728660226,"synth, Ğ¼ÑƒĞ·Ñ‹ĞºĞ°, soundproducing, synthtok, arturia"
chaiseqwerty,"i make bleeps and bloops with synthesizers
   Indigenous Creator
   ğŸ‘¾ğŸ›¸ğŸ¸ğŸªğŸŒğŸ¦•",False,"follower_count : 773
following_count : 468
likes_count : 9909
video_count : 300
last_active : 2020-03-30
",https://tiktok.com/@chaiseqwerty/video/6810149899141664006,"synth, teenageengineering, po400, fyp, tutorial, foryoupage, creator, modular"
dollydagger_xo,"âœ§ ğ”ğ”²ğ” ğ”¨ğ”¶ ğ”…ğ”¦ğ”±ğ” ğ”¥ âœ§ 
I write music for baddies & saddies
ğŸ° / ğŸ’„/ ğŸ¸/ ğŸ¥",False,"follower_count : 1633
following_count : 501
likes_count : 27000
video_count : 217
last_active : 2021-04-21
",https://tiktok.com/@dollydagger_xo/video/6953727807990074630,"synth, musiciansoftiktok, moog"
otaam,"lofi beatmaker
follow me on Spotify : https://open.spotify.com/track/5S7BKGmEjmV",False,"follower_count : 1939
following_count : 21
likes_count : 11100
video_count : 92
last_active : 2021-12-30
",https://tiktok.com/@otaam/video/7047548034388856070,"synth, sesnackstracks2, lofi, beats, guitar"
jordan.n.turner,"Music Production Tips and Duets. 
Letâ€™s make music together.",False,"follower_count : 475
following_count : 72
likes_count : 6892
video_count : 11
last_active : 2021-04-17
",https://tiktok.com/@jordan.n.turner/video/6952165240285039877,"synth, producer, music, musicproducer, protools, musicproduction"
dameronmusic,Husband/wife electronic duo,False,"follower_count : 148
following_count : 2
likes_count : 3576
video_count : 3
last_active : 2022-02-07
",https://tiktok.com/@dameronmusic/video/7061799581893430575,"synth, danceparty, synthwave, tr707, dancetv, retro, edm, dancechallenge, retrowave, tvparty, sh101, femalevocalist, robot, roland, juno106, 80s"
du0_music,"Hey Iâ€™m du0, Australian EDM songwriter, producer and entry level TikToker.",False,"follower_count : 260
following_count : 22
likes_count : 8864
video_count : 11
last_active : 2021-03-29
",https://tiktok.com/@du0_music/video/6944926897985916161,"synth, piano, music, livemusik, jam, guitar, homestudio, recordingstudio, bedroomproducer, syd, aus, sadsong, writing"
mad_synth_engineer,"Iâ€™m building the BEATS FM
(a crazy sound making machine)
ğŸ›ğŸ§ğŸ˜",False,"follower_count : 3629
following_count : 3475
likes_count : 11000
video_count : 28
last_active : 2021-09-11
",https://tiktok.com/@mad_synth_engineer/video/7006710245934337285,"synth, radio, wideband, fm, am, shortwaves, radioamateur, synthtok, synthdiy, electronics, analog, digital"
cyborg_fate,No bio yet,False,"follower_count : 833
following_count : 56
likes_count : 23300
video_count : 161
last_active : 2022-02-04
",https://tiktok.com/@cyborg_fate/video/7060806955266329858,"synth, fallout, fallout4, supermutant, ghoul, deathclaw, brotherhoodofsteel, bos, brotherhoodsupporter"
brandontomei,ğŸ’¿ just making records ğŸ“€,False,"follower_count : 856
following_count : 115
likes_count : 5988
video_count : 41
last_active : 2020-11-15
",https://tiktok.com/@brandontomei/video/6895400257207749894,"synth, musicproduction, tameimpala, analog, indie, synthesizer, korgpoly800, synthpop"
altmusic98,"Uploading clips of bands/Artist I enjoy 
twitch/nuoxymusic",False,"follower_count : 2271
following_count : 110
likes_count : 51400
video_count : 31
last_active : 2021-12-18
",https://tiktok.com/@altmusic98/video/7043052581937237253,"synth, posthardcore, alternative, emo, emotok, scene, myspace, metalcore, crabcore"
accesscrew,"Groupe de pop-funk toulousain
Allez voir notre youtube ğŸ¥°",False,"follower_count : 673
following_count : 5
likes_count : 4165
video_count : 7
last_active : 2021-03-05
",https://tiktok.com/@accesscrew/video/6936227037015231750,"synth, video, videogames, music, keyboard, accesscrew, 8bit, game, games, 8bits"
taylorjordan_composer,"Composer
Music & Sounds
Instagram @taylorjordan_composer",False,"follower_count : 569
following_count : 0
likes_count : 3492
video_count : 10
last_active : 2021-08-13
",https://tiktok.com/@taylorjordan_composer/video/6996051717842341126,"synth, synthtok, kidsoftiktok, familytime, oscilator, moog, musicproducer, musicstudio, midi, modularsynth, becreative"
cambuie,"Canada ğŸ‡¨ğŸ‡¦ 
Synths, pianos, beats, guitars, noise.
Just happy to be here ğŸ¹",False,"follower_count : 1976
following_count : 71
likes_count : 31700
video_count : 66
last_active : 2020-11-28
",https://tiktok.com/@cambuie/video/6900326505805597953,"synth, music, work, museum, keyboard, drum, machine, neworder, bluemonday, newwave, yyc, jam, cover"
krabat808,Music makes me high,False,"follower_count : 3169
following_count : 8
likes_count : 51300
video_count : 23
last_active : 2021-10-19
",https://tiktok.com/@krabat808/video/7020826243587263749,"synth, recordingartist, krabat808, recordingstudio, musicproducer, musicproduction, keys, orientalbeats, orientalbeat, makingbeats"
giuseppeottaviani,"Musician, producer, live act
www.giuseppeottaviani.com",False,"follower_count : 1179
following_count : 3
likes_count : 5483
video_count : 22
last_active : 2021-04-16
",https://tiktok.com/@giuseppeottaviani/video/6951717747243994374,"synth, keyboard, piano, producer, edm, trance, studio, foryou"
ozybel,http://soundcloud.com/ozybelofficial,False,"follower_count : 35
following_count : 4
likes_count : 12000
video_count : 2
last_active : 2021-12-31
",https://tiktok.com/@ozybel/video/7047853843563941147,"synth, tameimpala, instrumentals, beats, musicproducers, flstudio20, flstudio, guitarcover, flgang, musicproductions, makingmusic, musiciansofinstagram, musicproducer, beatmaker, vocoder, flstudioproducer, synthesizer"
h0neypwr,"love anything spooky ğŸ‘» 80s, 90s, dark, and ethereal âœ¨ ğŸ–¤ğŸ¥€ğŸ¦‡â›“ğŸ—¡",False,"follower_count : 1218
following_count : 403
likes_count : 13600
video_count : 96
last_active : 2022-01-03
",https://tiktok.com/@h0neypwr/video/7049087387019955503,"synth, goth, darkwave, gothtok, alt, 80s, postpunk"
midronome,"sync your music gear with the #midronome
Get yours March 15th on Indiegogo!",False,"follower_count : 268
following_count : 9
likes_count : 5596
video_count : 17
last_active : 2022-01-06
",https://tiktok.com/@midronome/video/7050079486825614597,"synth, 400tempochallenge, musicgear, fyp, foryourpage, foryou, electronicmusic, synthtok, midronome"
highwaystar_magazine,"Rock i kultura ğŸ¤˜ 
Instagram 16k ğŸ“² Vebsajt â¬‡ï¸",False,"follower_count : 1956
following_count : 42
likes_count : 41500
video_count : 99
last_active : 2022-01-31
",https://tiktok.com/@highwaystar_magazine/video/7059384933382393093,"synth, synthpop, discorocks, highwaystarmagazine"
joecs_music,"ğŸ’«electronic music / synthesizers
ğŸ’«follow me on YT!
ğŸ’«biz: joecsmusic@gmail.com",False,"follower_count : 1258
following_count : 372
likes_count : 13300
video_count : 169
last_active : 2020-10-24
",https://tiktok.com/@joecs_music/video/6887299579839008006,"synth, synthtok, synthesizers, coversong, digitone, elektron, emo, nevermeant, nevermeantbyamericanfootball, lofi"
indigoandthesirens,https://indigoandthesirens.fanlink.to/INFERNOexp,False,"follower_count : 140
following_count : 625
likes_count : 20600
video_count : 53
last_active : 2021-08-24
",https://tiktok.com/@indigoandthesirens/video/7000103734231502086,"synth, music, fyp, foryoupage, alternative"
andymusicproducer,"Music producer, Songwriter, Musician",False,"follower_count : 1276
following_count : 118
likes_count : 7252
video_count : 21
last_active : 2021-06-02
",https://tiktok.com/@andymusicproducer/video/6969243179736501505,"synth, duet, duetme, singer, rapper, beatmaker, fyp, foryou, musictok, dubai, abudhabi, beats, synthwave, foryourpage, trap, hiphop, edm, indie, 808"
barizon.o.metaleiro,"ğŸ§”ğŸ½ MÃºsico / Baterista ğŸ§”ğŸ½
ğŸ¤˜ Rock / Metal ğŸ¤˜
ğŸµ ConteÃºdo musical ğŸµ",False,"follower_count : 1382
following_count : 441
likes_count : 12300
video_count : 100
last_active : 2021-12-21
",https://tiktok.com/@barizon.o.metaleiro/video/7044235040531762438,"synth, plastiquenoir, gothic, kafÃ©, kafe, coffee, gÃ³tico, darkwave, rockgÃ³tico, postpunk, gothicrock, iskuros, plastiquenoirband, barizon, goth, meme"
jhodiax20,ğŸ‡µğŸ‡ªğŸ‘ï¸ğŸ¹ğŸ‘ï¸ğŸ‡µğŸ‡ª,False,"follower_count : 453
following_count : 288
likes_count : 3104
video_count : 4
last_active : 2021-05-14
",https://tiktok.com/@jhodiax20/video/6962152693678869766,"synth, depechemode, 80s, depeche, mode, davegahan, martingore, andyfletcher, alanwilder, song, enjoythesilence, music, pop, rock, 90s, like"
ad4mgray,I remake beats cause Iâ€™m not creative enough to make my own,False,"follower_count : 12
following_count : 21
likes_count : 5105
video_count : 3
last_active : 2022-01-17
","https://tiktok.com/@ad4mgray/video/7054286933278690566
https://tiktok.com/@ad4mgray/video/7036034520436477189","synth, beat, music, foryou, fyp, dave, asoschaostocalm, hiphop"
synthcitycronx,Synth club giving you an epic journey of a night with a sprinkle of nostalgia ğŸ’œ,False,"follower_count : 90
following_count : 164
likes_count : 2641
video_count : 16
last_active : 2021-11-20
",https://tiktok.com/@synthcitycronx/video/7032714133753695494,"synth, synthtok, darksynth"
dlg.soundwaves,"DLG.
â€œEnfieldâ€ EP out now",False,"follower_count : 4031
following_count : 316
likes_count : 48200
video_count : 39
last_active : 2021-07-27
",https://tiktok.com/@dlg.soundwaves/video/6989707527772556550,"synth, synthtok, fyp, musicgear"
rudetee,"Montreal based musician

https://www.youtube.com/user/therudyrude",False,"follower_count : 2821
following_count : 1021
likes_count : 24800
video_count : 190
last_active : 2021-11-06
",https://tiktok.com/@rudetee/video/7027492076266769669,"synth, electronicmusic, vcs3, fyp, vintagesynth, synthtok, fypã‚·"
mhb_tok,"The EP hit the DL Limit!! 
You're all amazing! ğŸ™ŒğŸ» 
Next EP @ 1000 Follows ğŸ™ğŸ»",False,"follower_count : 571
following_count : 90
likes_count : 12100
video_count : 32
last_active : 2021-08-16
",https://tiktok.com/@mhb_tok/video/6996875627513122054,"synth, music, trap, instrumental, beat, 2021, beatstars, sales"
gugiernesto,"Grabo mÃºsica en mi cuarto
Guitarrista de Soap ğŸ‘‡",False,"follower_count : 758
following_count : 265
likes_count : 8642
video_count : 19
last_active : 2021-09-13
",https://tiktok.com/@gugiernesto/video/7007553773417614598,"synth, bedroompop, myband, aesthetic, fyp, xzybca, alt, music, indie, alttiktok, 80s, lofi"
patricideofficial,"""Breakout"" Soon 
X.T.C.O.D.
patricide.bandcamp.com",False,"follower_count : 20
following_count : 1
likes_count : 5657
video_count : 2
last_active : 2021-10-03
",https://tiktok.com/@patricideofficial/video/7014958785210993925,"synth, doomer, doom, music, synthwave, 4chan, reddit"
circluding,Circlusion on SoundCloud and IG <3 ğŸ³ï¸â€âš§ï¸ ğŸŒ ğŸ¦— theology communism & music,False,"follower_count : 667
following_count : 234
likes_count : 6892
video_count : 34
last_active : 2022-02-19
",https://tiktok.com/@circluding/video/7066315657779973423,"synth, modularsynthesis, electronicmusic, vcvrack, generativemusic"
lowdownmusik,"Music producer / DJ
Gold Coast, Australia",False,"follower_count : 3567
following_count : 180
likes_count : 23500
video_count : 50
last_active : 2021-06-20
",https://tiktok.com/@lowdownmusik/video/6975838006955625729,"synth, fyp, foryoupage, producer, edmtiktok, musician"
blighted_josh,41yo synthwaver & death metal singer. Find my tunes on all streaming services!,False,"follower_count : 1350
following_count : 34
likes_count : 4718
video_count : 10
last_active : 2021-07-16
","https://tiktok.com/@blighted_josh/video/6985518316647369990
https://tiktok.com/@blighted_josh/video/6988336604511292677","synth, blightedjosh, blighted_josh, synthwave, music, chiptune, soundtrack, original"
jakeboxmusik,"ğŸ¶ FREELANCE PIANIST/SINGER ğŸ¶
 ğŸ¹ ğŸ¤ ğŸ‡¬ğŸ‡§
#Keyboard #Talkbox #Music #Piano #Vox",False,"follower_count : 103
following_count : 63
likes_count : 5336
video_count : 17
last_active : 2021-12-21
",https://tiktok.com/@jakeboxmusik/video/7044225749363985669,"synth, christmas, christmascover, fyp, foryou, christmastiktok, music, remix, reggae, keyboardplayer, talkbox, musician, vibe, lol"
alneyaamia,Fallout - Institute,False,"follower_count : 2577
following_count : 342
likes_count : 124500
video_count : 386
last_active : 2021-06-15
",https://tiktok.com/@alneyaamia/video/6974032853289929986,"synth, ğŸ˜“, ğŸ˜, fallout, fallout76, fallout4, institute, cat, ĞºĞ¾Ñ‚"
jaesotomusic,"nyc vocalist + producer
the song youâ€™re looking for is on Spotify ğŸ‘‡ğŸ¼",False,"follower_count : 1096
following_count : 727
likes_count : 12500
video_count : 33
last_active : 2022-02-05
",https://tiktok.com/@jaesotomusic/video/7061235788083842351,"synth, musician, producer, ableton, synthtok"
cashmattock,"Musician/Collage Artist/âœï¸ of Esoteric Theories of Flora, Fauna & the Universe",False,"follower_count : 1482
following_count : 1148
likes_count : 19600
video_count : 153
last_active : 2021-06-15
","https://tiktok.com/@cashmattock/video/6973829842798152966
https://tiktok.com/@cashmattock/video/6943633013582384389","synth, philipspmc100, analogsynth, dronemusic, noisemusic, testequipment, sounddesign, synthtok, viral, fyp, fypã‚·, filmmusic, soundtrack, cool, weird, analogmusic, bedroomproducer, homerecording, originalmusic, trippy"
pecqband,"Psych pop band. Songs, soundscapes & diy electronics. Run Upcycled Sound studio.",False,"follower_count : 775
following_count : 98
likes_count : 4921
video_count : 58
last_active : 2021-01-21
",https://tiktok.com/@pecqband/video/6920298780256439553,"synth, production, pheobebridgers, kyoto, producer, synthpop, vocalistsoftiktok, singer, fyp, music, cover, electronica, sing, modularsynth, chill"
argenmusic,"Comparto mÃºsica que me gusta.
Mi predilecto es Pedro Aznar.",False,"follower_count : 1600
following_count : 276
likes_count : 17300
video_count : 45
last_active : 2021-01-05
",https://tiktok.com/@argenmusic/video/6914420798182804742,"synth, virus, imagenespaganas, rock, rocknacional, argentina, latino, rockargentino, fyp, parati, foryou, eighties, federicomoura, espaÃ±ol, 1980s"
ear.lore,"Music folklore - ""for those who listen"" ğŸ¶
All genres - Use ğŸ§",False,"follower_count : 3011
following_count : 581
likes_count : 32600
video_count : 51
last_active : 2021-05-07
",https://tiktok.com/@ear.lore/video/6959551712038325509,"synth, rush, rushband, tomsawyer, rocknroll, hardrock, progressiverock, neilpeart, rockhistory, musichistory, lore, livemusic, fypã‚·"
orphanking,New to the tokverse. Producing as Orphan King. Follow me on Instagram & Spotify,False,"follower_count : 574
following_count : 25
likes_count : 32700
video_count : 9
last_active : 2022-01-25
",https://tiktok.com/@orphanking/video/7057090726856903941,"synth, analogsynth, rev2, prophet, electonicmusic, synthesizer, synthwave, supersaw, chillwave, sadmusic"
joeyheins,"Philly Producer + Engineer , Pasta Maker 

 ""KILL JACK"" OUT NOW â¬‡ï¸",False,"follower_count : 1286
following_count : 553
likes_count : 14100
video_count : 508
last_active : 2021-02-25
",https://tiktok.com/@joeyheins/video/6933035550769237253,"synth, guitar, guitartok, guitaramp, guitarist, logicprox, gibson, fender, reverb, indie, indieartist, indiepop, pop, guitarcentral, ableton, producer, producertok"
anttoekneegame,It's time to follow...,False,"follower_count : 75
following_count : 18
likes_count : 4288
video_count : 24
last_active : 2021-10-07
",https://tiktok.com/@anttoekneegame/video/7016247978369240326,"synth, soundcoregoforgold, fyp, fypage, fypã‚·, techno, robot, sad, blues, piano, rhythm, alternative, rhyme, rock, rnb, 80s, synthwave"
dumpythick,i do music tings,False,"follower_count : 58
following_count : 173
likes_count : 4809
video_count : 24
last_active : 2022-02-11
",https://tiktok.com/@dumpythick/video/7063297177883364610,"synth, foryou"
lukeicardmusic,Click the link below to follow me anywhere!,False,"follower_count : 153
following_count : 148
likes_count : 14700
video_count : 104
last_active : 2022-01-24
",https://tiktok.com/@lukeicardmusic/video/7056893757072903470,"synth, musiciansoftiktok, melodies, edm, protools, hdelay, massive, fyp, trusttheporcess"
corvo_celestial,"ğŸ¶Indie MusicianğŸ¶
I make some awesome music sub to my youtube
ğŸ³ï¸â€ğŸŒˆğŸ³ï¸â€âš§ï¸ğŸ‡§ğŸ‡·",False,"follower_count : 1297
following_count : 321
likes_count : 31700
video_count : 681
last_active : 2021-03-14
",https://tiktok.com/@corvo_celestial/video/6939610588989508870,"synth, music, comrade, producer, musician"
upgradednb,Studyâ€™s beans and beanology on tiktok,False,"follower_count : 1076
following_count : 7
likes_count : 2129
video_count : 3
last_active : 2021-04-18
",https://tiktok.com/@upgradednb/video/6952499592361446657,"synth, flstudio, producer, dnb, drumandbass, fyp, beats, jumpup, studio"
devinjamesfry,"Vá´Éªá´„á´‡ á´êœ° Ná´€á´á´‡ Sá´€Êá´‡Ê€s ğŸ–¤ OÊŸá´… Fá´€Éªá´›Êœêœ°á´œÊŸ Rá´‡á´„á´Ê€á´…s ğŸ–¤ Dá´‡É´á´ á´‡Ê€, CO",False,"follower_count : 341
following_count : 51
likes_count : 9716
video_count : 9
last_active : 2021-11-22
",https://tiktok.com/@devinjamesfry/video/7033224539391741231,"synth, taishokoto, koto, korg, volca, newmusic, wip, pedalboard, namesayers, beats"
clairosassistant,,False,"follower_count : 649
following_count : 660
likes_count : 71400
video_count : 550
last_active : 2020-05-22
",https://tiktok.com/@clairosassistant/video/6829731466964929798,"synth, greenscreen, music, 100gecs, guitar"
nickblonde,"Self-produced, multi-instrumentalist. Progressing the genre less music scene.",False,"follower_count : 3995
following_count : 1372
likes_count : 66000
video_count : 80
last_active : 2020-05-22
",https://tiktok.com/@nickblonde/video/6829702243785149701,"synth, greenscreen, music, producers, indie, bedroomproducer"
seatower,"Sage Fire
Vol1: https://tinyurl.com/24ruktxy
Vol2: https://tinyurl.com/hbtzpe34",False,"follower_count : 819
following_count : 185
likes_count : 6454
video_count : 379
last_active : 2020-10-25
",https://tiktok.com/@seatower/video/6887685328262434053,"synth, rumination, cycles, createeveryday, seatower, ambient, lofi, music, synthtok, moig, korg, roland, nasa, foryou, aesthetic, foryoupage, fyp, x"
its__janko,,False,"follower_count : 8
following_count : 21
likes_count : 1743
video_count : 4
last_active : 2022-02-02
",https://tiktok.com/@its__janko/video/7060149930366635270,"synth, instagram, samples, tiktok, foryou, producer, rapper, rnb, trap, rap, musician, music, vibes, mood"
codychrstn,"ğŸ¸seahaven 
DM for scoring/production inquiries.",False,"follower_count : 3292
following_count : 264
likes_count : 16500
video_count : 18
last_active : 2021-10-03
","https://tiktok.com/@codychrstn/video/7014626673173908742
https://tiktok.com/@codychrstn/video/7003951391416814854","synth, syntheticwig, synthtok, loop, beat, entertainment, musicvideo, music, artist, art, op1, op1x, lofi, teenageengineering"
hoeksound,"PRESAVE: 
New Single 

https://bfan.link/neon-ponderosa",False,"follower_count : 978
following_count : 324
likes_count : 5741
video_count : 105
last_active : 2021-01-25
",https://tiktok.com/@hoeksound/video/6921744472585800965,"synth, eurorack, synthesizer, modular, recordingstudio, musicproducer, beats, musica, pop, techno, keyboard"
vhs_sound,"Ğ”ĞµĞ»Ğ°ĞµĞ¼ Ğ¼ÑƒĞ·Ñ‹ĞºÑƒ Ğ²Ğ¾ Ğ²ÑĞµÑ… Ğ¶Ğ°Ğ½Ñ€Ğ°Ñ… 
vk.com/vhs_sound
inst: vhssound",False,"follower_count : 397
following_count : 28
likes_count : 4154
video_count : 11
last_active : 2021-02-06
",https://tiktok.com/@vhs_sound/video/6926147966906469633,"synth, Ñ‚Ñ€ĞµĞºĞ·Ğ°5Ğ¼Ğ¸Ğ½ÑƒÑ‚, flstudio, tutorials, punk, trand"
reesemorin,I play bass,False,"follower_count : 116
following_count : 141
likes_count : 1833
video_count : 10
last_active : 2022-01-27
",https://tiktok.com/@reesemorin/video/7057694522570050863,"synth, elfitup, carlcarlton, badmamajama, bass, basscover, bassist, fender, bassguitar, synthbass, funk"
lessedrone_,fan 2 vitesse,False,"follower_count : 79
following_count : 0
likes_count : 1891
video_count : 2
last_active : 2021-03-22
",https://tiktok.com/@lessedrone_/video/6942442055272533253,"synth, stitch, uselesstalent, catinsink, fyp"
eddie.ewi,"ğŸ·Sax and EWI ğŸ¤–
Electronic Wind Instrument
Youtube, Instagram: @eddie.ewi",False,"follower_count : 4482
following_count : 487
likes_count : 6668
video_count : 123
last_active : 2022-01-17
",https://tiktok.com/@eddie.ewi/video/7053991920074542383,"synth, nurad, synthesizer, synths, music, saxophone, windsynth, windcontroller, synthmusic, weirdmusic"
supperclubsounds,"Producer/Songwriter Duo

Newbie Homesteaders ğŸ“

SE + Danny",False,"follower_count : 3864
following_count : 217
likes_count : 38600
video_count : 95
last_active : 2020-11-26
",https://tiktok.com/@supperclubsounds/video/6899229031992970501,"synth, zenology, rappers, singers, duet, fyp, foryoupage, roland"
willeason1,Musician and music creator ğŸ•º,False,"follower_count : 1736
following_count : 84
likes_count : 12700
video_count : 118
last_active : 2021-02-18
",https://tiktok.com/@willeason1/video/6930590625939180805,"synth, keyboard, synthsolo, producer, beat, neosoul, vibes, musician, jazz, piano, jazzy"
dontbeajerktony,"18+
he/him
Capricornâ™‘ï¸ 
19
INFP-A",False,"follower_count : 199
following_count : 55
likes_count : 1823
video_count : 9
last_active : 2021-09-08
",https://tiktok.com/@dontbeajerktony/video/7005354576484257030,"synth, goth, postpunk, darkwave, christiandeath, gothlatinos, gothlatinx"
zatchbeats,"Zack. 25. Producer. Philly -> UT
Follow for production tutorials & releases!",False,"follower_count : 562
following_count : 112
likes_count : 4747
video_count : 10
last_active : 2021-02-11
",https://tiktok.com/@zatchbeats/video/6927852500171246854,"synth, production, sanholo, fl, flstudio, producer, werise, foryou, music, edm"
thelivingstrange,"Elijah + Nico + Benya

music out b lo â¬‡ï¸",False,"follower_count : 1595
following_count : 171
likes_count : 40100
video_count : 350
last_active : 2021-06-03
",https://tiktok.com/@thelivingstrange/video/6969387944977173765,"synth, musiciansoftiktok, rockband, guitarist, drums, tiktokmusic, altrock, diymusic"
tiochiledulce,"Productor | MÃºsico Pro | Creativo | Gamer | ğŸŒ¶ğŸ¬
@nulogic_mx @drummersinstitute",False,"follower_count : 3912
following_count : 84
likes_count : 20200
video_count : 30
last_active : 2022-02-10
",https://tiktok.com/@tiochiledulce/video/7063161638555340037,"synth, musico, productor, beatmaker, guitarra, bajo, estudiodegrabacion, productormusical, musicosentiktok, baterista, grabando"
mrqbit8,"Producer, Music & Video, In Milano... Io sono un venezolano ğŸ‡»ğŸ‡ª in ItalyğŸ‡®ğŸ‡ª",False,"follower_count : 2854
following_count : 4
likes_count : 95200
video_count : 103
last_active : 2022-02-20
",https://tiktok.com/@mrqbit8/video/7066875699189091590,"synth, korgms20, milano"
melowmask,Stay cool and Don't be arrogant,False,"follower_count : 2817
following_count : 67
likes_count : 31900
video_count : 43
last_active : 2022-01-28
",https://tiktok.com/@melowmask/video/7058073531019529499,"synth, goyangpargoy, melowmask, tutorial, fypã‚·, foryoupage, cubase"
munatix,Belgian synthpop band ğŸ‡§ğŸ‡ª. Music available in online digital stores. Unsigned,False,"follower_count : 1066
following_count : 384
likes_count : 4974
video_count : 101
last_active : 2021-09-02
",https://tiktok.com/@munatix/video/7003387480460348677,"synth, synthesizer, newwave, synthpop"
auggggh,"BLACK LIVES MATTER
hi iâ€™m david
davidskaggs.bandcamp.com",False,"follower_count : 742
following_count : 315
likes_count : 5248
video_count : 59
last_active : 2021-04-04
",https://tiktok.com/@auggggh/video/6947435251551505670,"synth, talkingheads, glitch, ambient, synthwave, modularsynth, videosynth"
franklegeay,"Music Producer

My new song â€œBeen in a Barâ€ is out now! ğŸ»ğŸ¤ ğŸª•",False,"follower_count : 586
following_count : 123
likes_count : 33500
video_count : 37
last_active : 2021-07-22
",https://tiktok.com/@franklegeay/video/6987745100344429829,"synth, remix, producer, edm, country, studio, music, fyp"
pulsarglitch,"i do music stuff and play video games. he/they.
ğŸ’œğŸ¹ğŸ‘¾",False,"follower_count : 77
following_count : 240
likes_count : 3263
video_count : 13
last_active : 2021-02-18
",https://tiktok.com/@pulsarglitch/video/6930425380243393797,"synth, pulsarglitch, dancemusic, music, synthesizers, electronicmusic, electronic, edm, volta"
cinimamusic,,False,"follower_count : 1441
following_count : 29
likes_count : 5756
video_count : 118
last_active : 2021-08-08
",https://tiktok.com/@cinimamusic/video/6994155144833158406,"synth, cinima, electronicmusic, chapmanstick, guitar, senselmorph, drumandbass"
georgegrettonmusic,"Singer + producer from Nottingham
Spotify: George Gretton",False,"follower_count : 177
following_count : 111
likes_count : 1733
video_count : 16
last_active : 2021-03-02
",https://tiktok.com/@georgegrettonmusic/video/6935144392403537158,"synth, sampler, producer, nottingham, fyp"
brendan_schuster_music,"Singer/pianist/educator/producer in Denver, CO",False,"follower_count : 54
following_count : 19
likes_count : 2237
video_count : 11
last_active : 2021-02-20
",https://tiktok.com/@brendan_schuster_music/video/6931445068289150213,"synth, piano, improvisation, howto, groove"
lepeeremusic,"Musicien, bricoleur, clown triste",False,"follower_count : 730
following_count : 171
likes_count : 4908
video_count : 50
last_active : 2021-06-29
",https://tiktok.com/@lepeeremusic/video/6979217573686611206,"synth, electronic, idea, music, synthesizer, nantes, electro, pourtoi, fyp, producer, beatmaker, drop"
rektagonal,musical witch doctor ğŸªŸ rektagon.bandcamp.com ğŸªŸ and all streaming platforms,False,"follower_count : 2459
following_count : 1
likes_count : 20200
video_count : 9
last_active : 2021-02-11
",https://tiktok.com/@rektagonal/video/6928010219024911622,"synth, modular, fyp, 808, hiphop, musicproducer"
hfaux,"ğŸ“–  Colossians 3:17
ğŸ’  Married
ğŸ¹  Musician
ğŸ“·  Photography/Graphic Design",False,"follower_count : 2269
following_count : 1470
likes_count : 11400
video_count : 32
last_active : 2021-06-14
",https://tiktok.com/@hfaux/video/6973680357958880518,"synth, adultswimchallenge, adultswimtrend, vanos3000, op1, synthtok, remix, fypãƒ„, lofi, teenageengineering, coversongs"
isobel.music,"ISÃ˜BEL
Angry electropop âš¡ï¸
Listen on Spotify.",False,"follower_count : 761
following_count : 60
likes_count : 4374
video_count : 19
last_active : 2021-01-23
","https://tiktok.com/@isobel.music/video/6921030561632881926
https://tiktok.com/@isobel.music/video/6914479875143306501","synth, synths, synthesizers, synthesizer, synthtok, analogsynth, producermemes, musicmemes, musician, flstudio, producer, midi"
benwahmusic,soundcloud.com/officialbenwah,False,"follower_count : 279
following_count : 847
likes_count : 1880
video_count : 7
last_active : 2020-12-30
",https://tiktok.com/@benwahmusic/video/6911881445246127365,"synth, ableton, serum, sounddesign, producer, fyp"
perfectdark_freeman_713,Techno DJ / Producer  ğŸ”Š LAğŸ“Freeman 713 / Smoke Jumper / The Belfry Luna,False,"follower_count : 1029
following_count : 32
likes_count : 4894
video_count : 16
last_active : 2021-04-22
",https://tiktok.com/@perfectdark_freeman_713/video/6954093170737073414,"synth, kick, bass, techno, ableton, turorial, beat, rave, dubtechno, electronicmusic, abletonlive, acid"
electrickeys,Just a random guy playing music in his downtime â€¦,False,"follower_count : 119
following_count : 117
likes_count : 2995
video_count : 5
last_active : 2021-07-11
",https://tiktok.com/@electrickeys/video/6983589672509361414,"synth, keytar, pianotok, guitartok, piano, guitar, rock, progrock, nerd, foryou, explore, discover, electronic"
cal.blac,Aspiring musician. Follow me on Instagram ğŸ¤™,False,"follower_count : 662
following_count : 42
likes_count : 6577
video_count : 76
last_active : 2020-10-08
",https://tiktok.com/@cal.blac/video/6881377221924130053,"synth, guitarist, synthtok, korgprologue, sunset, sunsetvibes, livemusic"
sympathylamp,"I make music and edit video for it.

Please follow my Instagram.",False,"follower_count : 302
following_count : 9
likes_count : 3650
video_count : 6
last_active : 2021-08-18
",https://tiktok.com/@sympathylamp/video/6997813938012409094,"synth, anime, music, musicvideo, thecraft, witches, producer, elektron"
waldoswaffle,"ig: waldoswaffle
https://bit.ly/registrosync",False,"follower_count : 545
following_count : 129
likes_count : 1742
video_count : 4
last_active : 2021-02-03
",https://tiktok.com/@waldoswaffle/video/6925188980858178821,"synth, sintetizador, sintetizadormodular, produccionmusical, ableton, productormusical, productor, musica"
kaylahallmusic,writer of songs + artist @moodyjoodymusic IG @kaylahall,False,"follower_count : 1722
following_count : 214
likes_count : 136900
video_count : 44
last_active : 2021-01-15
",https://tiktok.com/@kaylahallmusic/video/6918061559897967878,"synth, moog, studio, recording, producerman, musician"
lily._.illily,"I live with a cat(Lilith).
I make noise.",False,"follower_count : 3579
following_count : 12
likes_count : 50100
video_count : 177
last_active : 2021-06-08
",https://tiktok.com/@lily._.illily/video/6971230959718894853,"synth, diy, diyelectronics, thriftflip, soldering, circuit, diysynth, art, opn, reuse"
sophizta,"adrift in imagination 
a television haze-shade 
neon amalgamation...",False,"follower_count : 128
following_count : 130
likes_count : 3016
video_count : 73
last_active : 2021-12-20
",https://tiktok.com/@sophizta/video/7043643530430106926,"synth, sophizta, goth, hiphop, music, dark, rap, synthwave, nightwave, korg, roland, ableton, viral, 2031, 2021, 2022"
pagesband,"Scottish rock band ğŸ´ó §ó ¢ó ³ó £ó ´ó ¿

New single â€œSnowâ€ - Pre-save link below",False,"follower_count : 490
following_count : 4
likes_count : 3486
video_count : 8
last_active : 2021-12-06
",https://tiktok.com/@pagesband/video/7038713123557231878,"synth, newmusic, scottishmusic, rock, fyp, spotifywrapped, arcticmonkeys, muse, royalblood, band, music, guitar, drums"
